Game_Date,Opponent,Year,Coach,Record,Season_Wins,Season_Losses,Season_Ties,Season_Conference,Season_Conference_Place,BYU_Win,BYU_Score,Opponent_Score,Away
9/2,Sam Houston St,2023,Kalani Sitake,5-7,5,7,0,Big 12,11.0,1,14,0,0
9/9,Southern Utah,2023,Kalani Sitake,5-7,5,7,0,Big 12,11.0,1,41,16,0
9/16,Arkansas,2023,Kalani Sitake,5-7,5,7,0,Big 12,11.0,1,38,31,1
9/23,Kansas,2023,Kalani Sitake,5-7,5,7,0,Big 12,11.0,0,27,38,1
9/29,Cincinnati,2023,Kalani Sitake,5-7,5,7,0,Big 12,11.0,1,35,27,0
10/14,TCU,2023,Kalani Sitake,5-7,5,7,0,Big 12,11.0,0,11,44,1
10/21,Texas Tech,2023,Kalani Sitake,5-7,5,7,0,Big 12,11.0,1,27,14,0
10/28,Texas,2023,Kalani Sitake,5-7,5,7,0,Big 12,11.0,0,6,35,1
11/4,West Virginia,2023,Kalani Sitake,5-7,5,7,0,Big 12,11.0,0,7,37,1
11/11,Iowa State,2023,Kalani Sitake,5-7,5,7,0,Big 12,11.0,0,13,45,0
11/18,Oklahoma,2023,Kalani Sitake,5-7,5,7,0,Big 12,11.0,0,24,31,0
11/25,Ok St,2023,Kalani Sitake,5-7,5,7,0,Big 12,11.0,0,34,40,1
9/3,USF,2022,Kalani Sitake,8-5,8,5,0,Independent,,1,50,21,1
9/10,Baylor,2022,Kalani Sitake,8-5,8,5,0,Independent,,1,26,20,0
9/17,Oregon,2022,Kalani Sitake,8-5,8,5,0,Independent,,0,20,41,1
9/24,Wyoming,2022,Kalani Sitake,8-5,8,5,0,Independent,,1,38,24,0
9/29,Utah State,2022,Kalani Sitake,8-5,8,5,0,Independent,,1,38,26,0
10/8,Notre Dame,2022,Kalani Sitake,8-5,8,5,0,Independent,,0,20,28,1
10/15,Arkansas,2022,Kalani Sitake,8-5,8,5,0,Independent,,0,35,52,0
10/22,Liberty,2022,Kalani Sitake,8-5,8,5,0,Independent,,0,14,41,1
10/28,East Carolina,2022,Kalani Sitake,8-5,8,5,0,Independent,,0,24,27,0
11/5,Boise State,2022,Kalani Sitake,8-5,8,5,0,Independent,,1,31,28,1
11/19,Utah Tech,2022,Kalani Sitake,8-5,8,5,0,Independent,,1,52,26,0
11/26,Stanford,2022,Kalani Sitake,8-5,8,5,0,Independent,,1,35,26,1
12/17,SMU,2022,Kalani Sitake,8-5,8,5,0,Independent,,1,24,23,1
9/4,Arizona,2021,Kalani Sitake,10-3,10,3,0,Independent,,1,24,16,1
9/11,Utah,2021,Kalani Sitake,10-3,10,3,0,Independent,,1,26,17,0
9/18,Arizona State,2021,Kalani Sitake,10-3,10,3,0,Independent,,1,27,17,0
9/25,South Florida,2021,Kalani Sitake,10-3,10,3,0,Independent,,1,35,27,0
10/1,Utah State,2021,Kalani Sitake,10-3,10,3,0,Independent,,1,34,20,1
10/9,Boise State,2021,Kalani Sitake,10-3,10,3,0,Independent,,0,17,26,0
10/16,Baylor,2021,Kalani Sitake,10-3,10,3,0,Independent,,0,24,38,1
10/23,Washington St,2021,Kalani Sitake,10-3,10,3,0,Independent,,1,21,19,1
10/30,Virginia,2021,Kalani Sitake,10-3,10,3,0,Independent,,1,66,49,0
11/6,Idaho State,2021,Kalani Sitake,10-3,10,3,0,Independent,,1,59,14,0
11/20,Ga Southern,2021,Kalani Sitake,10-3,10,3,0,Independent,,1,34,17,1
11/27,USC,2021,Kalani Sitake,10-3,10,3,0,Independent,,1,35,31,1
12/18,UAB,2021,Kalani Sitake,10-3,10,3,0,Independent,,0,28,31,0
9/7,Navy,2020,Kalani Sitake,11-1,11,1,0,Independent,,1,55,3,1
9/26,Troy,2020,Kalani Sitake,11-1,11,1,0,Independent,,1,48,7,0
10/2,Louisiana Tech,2020,Kalani Sitake,11-1,11,1,0,Independent,,1,45,14,0
10/10,UTSA,2020,Kalani Sitake,11-1,11,1,0,Independent,,1,27,20,0
10/16,Houston,2020,Kalani Sitake,11-1,11,1,0,Independent,,1,43,26,1
10/24,Texas State,2020,Kalani Sitake,11-1,11,1,0,Independent,,1,52,14,0
10/31,Western Kentucky,2020,Kalani Sitake,11-1,11,1,0,Independent,,1,41,10,0
11/6,Boise State,2020,Kalani Sitake,11-1,11,1,0,Independent,,1,51,17,1
11/21,North Alabama,2020,Kalani Sitake,11-1,11,1,0,Independent,,1,66,14,0
12/5,Coastal Carolina,2020,Kalani Sitake,11-1,11,1,0,Independent,,0,17,22,0
12/12,San Diego State,2020,Kalani Sitake,11-1,11,1,0,Independent,,1,28,14,0
12/22,UCF,2020,Kalani Sitake,11-1,11,1,0,Independent,,1,49,23,0
8/29,Utah,2019,Kalani Sitake,7-6,7,6,0,Independent,,0,12,30,0
9/7,Tennessee,2019,Kalani Sitake,7-6,7,6,0,Independent,,1,29,26,1
9/14,USC,2019,Kalani Sitake,7-6,7,6,0,Independent,,1,30,27,0
9/21,Washington,2019,Kalani Sitake,7-6,7,6,0,Independent,,0,19,45,0
9/28,Toledo,2019,Kalani Sitake,7-6,7,6,0,Independent,,0,21,28,1
10/12,South Florida,2019,Kalani Sitake,7-6,7,6,0,Independent,,0,23,27,1
10/19,Boise State,2019,Kalani Sitake,7-6,7,6,0,Independent,,1,28,25,0
11/2,Utah State,2019,Kalani Sitake,7-6,7,6,0,Independent,,1,42,14,1
11/9,Liberty,2019,Kalani Sitake,7-6,7,6,0,Independent,,1,31,24,0
11/16,Idaho State,2019,Kalani Sitake,7-6,7,6,0,Independent,,1,42,10,0
11/23,Massachusetts,2019,Kalani Sitake,7-6,7,6,0,Independent,,1,56,24,1
11/30,San Diego State,2019,Kalani Sitake,7-6,7,6,0,Independent,,0,3,13,1
12/24,Hawaii,2019,Kalani Sitake,7-6,7,6,0,Independent,,0,34,38,0
9/1,Arizona,2018,Kalani Sitake,7-6,7,6,0,Independent,,1,28,23,1
9/8,California,2018,Kalani Sitake,7-6,7,6,0,Independent,,0,18,21,0
9/15,Wisconsin,2018,Kalani Sitake,7-6,7,6,0,Independent,,1,24,21,1
9/22,McNeese State,2018,Kalani Sitake,7-6,7,6,0,Independent,,1,30,3,0
9/29,Washington,2018,Kalani Sitake,7-6,7,6,0,Independent,,0,7,35,1
10/5,Utah State,2018,Kalani Sitake,7-6,7,6,0,Independent,,0,20,45,0
10/13,Hawaii,2018,Kalani Sitake,7-6,7,6,0,Independent,,1,49,23,0
10/27,Northern Illinois,2018,Kalani Sitake,7-6,7,6,0,Independent,,0,6,7,0
11/3,Boise State,2018,Kalani Sitake,7-6,7,6,0,Independent,,0,16,21,1
11/10,UMass,2018,Kalani Sitake,7-6,7,6,0,Independent,,1,35,16,1
11/17,New Mexico State,2018,Kalani Sitake,7-6,7,6,0,Independent,,1,45,10,0
11/24,Utah,2018,Kalani Sitake,7-6,7,6,0,Independent,,0,27,35,1
12/21,Western Mich,2018,Kalani Sitake,7-6,7,6,0,Independent,,1,49,18,1
8/26,Portland State,2017,Kalani Sitake,4-9,4,9,0,Independent,,1,20,6,0
9/2,LSU,2017,Kalani Sitake,4-9,4,9,0,Independent,,0,0,27,1
9/9,Utah,2017,Kalani Sitake,4-9,4,9,0,Independent,,0,13,19,0
9/16,Wisconsin,2017,Kalani Sitake,4-9,4,9,0,Independent,,0,6,40,0
9/29,Utah State,2017,Kalani Sitake,4-9,4,9,0,Independent,,0,24,40,1
10/6,Boise State,2017,Kalani Sitake,4-9,4,9,0,Independent,,0,7,24,0
10/14,Mississippi State,2017,Kalani Sitake,4-9,4,9,0,Independent,,0,10,35,1
10/21,East Carolina,2017,Kalani Sitake,4-9,4,9,0,Independent,,0,17,33,1
10/28,San Jose State,2017,Kalani Sitake,4-9,4,9,0,Independent,,1,41,20,0
11/4,Fresno State,2017,Kalani Sitake,4-9,4,9,0,Independent,,0,13,20,1
11/10,UNLV,2017,Kalani Sitake,4-9,4,9,0,Independent,,1,31,21,1
11/18,UMass,2017,Kalani Sitake,4-9,4,9,0,Independent,,0,10,16,0
11/25,Hawaii,2017,Kalani Sitake,4-9,4,9,0,Independent,,1,30,20,1
9/3,Arizona,2016,Kalani Sitake,9-4,9,4,0,Independent,,1,18,16,1
9/10,Utah,2016,Kalani Sitake,9-4,9,4,0,Independent,,0,19,20,1
9/17,UCLA,2016,Kalani Sitake,9-4,9,4,0,Independent,,0,14,17,0
9/24,West Virginia,2016,Kalani Sitake,9-4,9,4,0,Independent,,0,32,35,1
9/30,Toledo,2016,Kalani Sitake,9-4,9,4,0,Independent,,1,55,53,0
10/8,Michigan State,2016,Kalani Sitake,9-4,9,4,0,Independent,,1,31,14,1
10/14,Mississippi State,2016,Kalani Sitake,9-4,9,4,0,Independent,,1,28,21,0
10/20,Boise State,2016,Kalani Sitake,9-4,9,4,0,Independent,,0,27,28,1
11/5,Cincinnati,2016,Kalani Sitake,9-4,9,4,0,Independent,,1,20,3,1
11/12,Southern Utah,2016,Kalani Sitake,9-4,9,4,0,Independent,,1,37,7,0
11/19,UMass,2016,Kalani Sitake,9-4,9,4,0,Independent,,1,51,9,0
11/26,Utah State,2016,Kalani Sitake,9-4,9,4,0,Independent,,1,28,10,0
12/21,Wyoming,2016,Kalani Sitake,9-4,9,4,0,Independent,,1,24,21,1
9/5,Nebraska,2015,Bronco Mendenhall,9-4,9,4,0,Independent,,1,33,28,1
9/12,Boise State,2015,Bronco Mendenhall,9-4,9,4,0,Independent,,1,35,24,0
9/19,UCLA,2015,Bronco Mendenhall,9-4,9,4,0,Independent,,0,23,24,1
9/26,Michigan,2015,Bronco Mendenhall,9-4,9,4,0,Independent,,0,0,31,1
10/2,UConn,2015,Bronco Mendenhall,9-4,9,4,0,Independent,,1,30,13,0
10/10,East Carolina,2015,Bronco Mendenhall,9-4,9,4,0,Independent,,1,45,38,0
10/16,Cincinnati,2015,Bronco Mendenhall,9-4,9,4,0,Independent,,1,38,24,0
10/24,Wagner,2015,Bronco Mendenhall,9-4,9,4,0,Independent,,1,70,6,0
11/6,San Jose State,2015,Bronco Mendenhall,9-4,9,4,0,Independent,,1,17,16,1
11/14,Mizzou,2015,Bronco Mendenhall,9-4,9,4,0,Independent,,0,16,20,1
11/21,Fresno State,2015,Bronco Mendenhall,9-4,9,4,0,Independent,,1,52,10,0
11/28,Utah State,2015,Bronco Mendenhall,9-4,9,4,0,Independent,,1,51,28,1
12/19,Utah,2015,Bronco Mendenhall,9-4,9,4,0,Independent,,0,28,35,1
8/29,UConn,2014,Bronco Mendenhall,8-5,8,5,0,Independent,,1,35,10,1
9/6,Texas,2014,Bronco Mendenhall,8-5,8,5,0,Independent,,1,41,7,1
9/11,Houston,2014,Bronco Mendenhall,8-5,8,5,0,Independent,,1,33,25,0
9/20,Virginia,2014,Bronco Mendenhall,8-5,8,5,0,Independent,,1,41,33,0
10/3,Utah State,2014,Bronco Mendenhall,8-5,8,5,0,Independent,,0,20,35,0
10/9,UCF,2014,Bronco Mendenhall,8-5,8,5,0,Independent,,0,24,31,1
10/18,Nevada(H),2014,Bronco Mendenhall,8-5,8,5,0,Independent,,0,35,42,0
10/24,Boise State,2014,Bronco Mendenhall,8-5,8,5,0,Independent,,0,30,55,1
11/1,MTSU,2014,Bronco Mendenhall,8-5,8,5,0,Independent,,1,27,7,1
11/15,UNLV,2014,Bronco Mendenhall,8-5,8,5,0,Independent,,1,42,23,0
11/22,Savannah State,2014,Bronco Mendenhall,8-5,8,5,0,Independent,,1,64,0,0
11/29,California,2014,Bronco Mendenhall,8-5,8,5,0,Independent,,1,42,35,1
12/22,Memphis,2014,Bronco Mendenhall,8-5,8,5,0,Independent,,0,48,55,1
8/31,Virginia,2013,Bronco Mendenhall,8-5,8,5,0,Independent,,0,16,19,1
9/7,Texas,2013,Bronco Mendenhall,8-5,8,5,0,Independent,,1,40,21,0
9/21,Utah,2013,Bronco Mendenhall,8-5,8,5,0,Independent,,0,13,20,0
9/27,Middle Tennessee,2013,Bronco Mendenhall,8-5,8,5,0,Independent,,1,37,10,0
10/4,Utah State,2013,Bronco Mendenhall,8-5,8,5,0,Independent,,1,31,14,1
10/12,Georgia Tech,2013,Bronco Mendenhall,8-5,8,5,0,Independent,,1,38,20,0
10/19,Houston,2013,Bronco Mendenhall,8-5,8,5,0,Independent,,1,47,46,1
10/25,Boise State,2013,Bronco Mendenhall,8-5,8,5,0,Independent,,1,37,20,0
11/9,Wisconsin,2013,Bronco Mendenhall,8-5,8,5,0,Independent,,0,17,27,1
11/16,Idaho State,2013,Bronco Mendenhall,8-5,8,5,0,Independent,,1,59,13,0
11/23,Notre Dame,2013,Bronco Mendenhall,8-5,8,5,0,Independent,,0,13,23,1
11/30,Nevada,2013,Bronco Mendenhall,8-5,8,5,0,Independent,,1,28,23,1
12/27,Washington,2013,Bronco Mendenhall,8-5,8,5,0,Independent,,0,16,31,1
8/30,Washington State,2012,Bronco Mendenhall,8-5,8,5,0,Independent,,1,30,6,0
9/8,Weber State,2012,Bronco Mendenhall,8-5,8,5,0,Independent,,1,45,13,0
9/15,Utah,2012,Bronco Mendenhall,8-5,8,5,0,Independent,,0,21,24,1
9/20,Boise State,2012,Bronco Mendenhall,8-5,8,5,0,Independent,,0,6,7,1
9/28,Hawaii,2012,Bronco Mendenhall,8-5,8,5,0,Independent,,1,47,0,0
10/5,Utah State,2012,Bronco Mendenhall,8-5,8,5,0,Independent,,1,6,3,0
10/13,Oregon State,2012,Bronco Mendenhall,8-5,8,5,0,Independent,,0,24,42,0
10/20,Notre Dame,2012,Bronco Mendenhall,8-5,8,5,0,Independent,,0,14,17,1
10/27,Georgia Tech,2012,Bronco Mendenhall,8-5,8,5,0,Independent,,1,41,17,1
11/10,Idaho,2012,Bronco Mendenhall,8-5,8,5,0,Independent,,1,52,13,0
11/17,San Jose State,2012,Bronco Mendenhall,8-5,8,5,0,Independent,,0,14,20,1
11/24,New Mexico St,2012,Bronco Mendenhall,8-5,8,5,0,Independent,,1,50,14,1
12/20,San Diego St,2012,Bronco Mendenhall,8-5,8,5,0,Independent,,1,23,6,0
9/3,Ole Miss,2011,Bronco Mendenhall,10-3,10,3,0,Independent,,1,14,13,1
9/10,Texas,2011,Bronco Mendenhall,10-3,10,3,0,Independent,,0,16,17,1
9/17,Utah,2011,Bronco Mendenhall,10-3,10,3,0,Independent,,0,10,54,0
9/23,UCF,2011,Bronco Mendenhall,10-3,10,3,0,Independent,,1,24,17,0
9/30,Utah State,2011,Bronco Mendenhall,10-3,10,3,0,Independent,,1,27,24,0
10/8,San Jose State,2011,Bronco Mendenhall,10-3,10,3,0,Independent,,1,29,16,0
10/15,Oregon State,2011,Bronco Mendenhall,10-3,10,3,0,Independent,,1,38,28,1
10/22,Idaho State,2011,Bronco Mendenhall,10-3,10,3,0,Independent,,1,56,3,0
10/28,TCU,2011,Bronco Mendenhall,10-3,10,3,0,Independent,,0,28,38,1
11/12,Idaho,2011,Bronco Mendenhall,10-3,10,3,0,Independent,,1,42,7,0
11/19,New Mexico State,2011,Bronco Mendenhall,10-3,10,3,0,Independent,,1,42,7,0
12/3,Hawaii,2011,Bronco Mendenhall,10-3,10,3,0,Independent,,1,41,20,1
12/30,Tulsa,2011,Bronco Mendenhall,10-3,10,3,0,Independent,,1,24,21,1
9/4,Washington,2010,Bronco Mendenhall,7-6,7,6,0,Mountain West,3.0,1,23,17,0
9/11,Air Force,2010,Bronco Mendenhall,7-6,7,6,0,Mountain West,3.0,0,14,35,1
9/18,Florida State,2010,Bronco Mendenhall,7-6,7,6,0,Mountain West,3.0,0,10,34,1
9/25,Nevada,2010,Bronco Mendenhall,7-6,7,6,0,Mountain West,3.0,0,13,27,0
10/1,Utah State,2010,Bronco Mendenhall,7-6,7,6,0,Mountain West,3.0,0,16,31,1
10/9,San Diego St,2010,Bronco Mendenhall,7-6,7,6,0,Mountain West,3.0,1,24,21,0
10/16,TCU,2010,Bronco Mendenhall,7-6,7,6,0,Mountain West,3.0,0,3,31,1
10/23,Wyoming,2010,Bronco Mendenhall,7-6,7,6,0,Mountain West,3.0,1,25,20,0
11/6,UNLV,2010,Bronco Mendenhall,7-6,7,6,0,Mountain West,3.0,1,55,7,0
11/13,Colorado State,2010,Bronco Mendenhall,7-6,7,6,0,Mountain West,3.0,1,49,10,1
11/20,New Mexico,2010,Bronco Mendenhall,7-6,7,6,0,Mountain West,3.0,1,40,7,0
11/27,Utah,2010,Bronco Mendenhall,7-6,7,6,0,Mountain West,3.0,0,16,17,1
12/18,UTEP,2010,Bronco Mendenhall,7-6,7,6,0,Mountain West,3.0,1,52,24,1
9/5,Oklahoma,2009,Bronco Mendenhall,11-2,11,2,0,Mountain West,2.0,1,14,13,1
9/12,Tulane,2009,Bronco Mendenhall,11-2,11,2,0,Mountain West,2.0,1,54,3,1
9/19,Florida State,2009,Bronco Mendenhall,11-2,11,2,0,Mountain West,2.0,0,28,54,0
9/26,Colorado State,2009,Bronco Mendenhall,11-2,11,2,0,Mountain West,2.0,1,42,23,0
10/2,Utah State,2009,Bronco Mendenhall,11-2,11,2,0,Mountain West,2.0,1,35,17,0
10/10,UNLV,2009,Bronco Mendenhall,11-2,11,2,0,Mountain West,2.0,1,59,21,1
10/17,San Diego State,2009,Bronco Mendenhall,11-2,11,2,0,Mountain West,2.0,1,38,28,1
10/24,TCU,2009,Bronco Mendenhall,11-2,11,2,0,Mountain West,2.0,0,7,38,0
11/7,Wyoming,2009,Bronco Mendenhall,11-2,11,2,0,Mountain West,2.0,1,52,0,1
11/14,New Mexico,2009,Bronco Mendenhall,11-2,11,2,0,Mountain West,2.0,1,24,19,1
11/21,Air Force,2009,Bronco Mendenhall,11-2,11,2,0,Mountain West,2.0,1,38,21,0
11/28,Utah,2009,Bronco Mendenhall,11-2,11,2,0,Mountain West,2.0,1,26,23,0
12/22,Oregon State,2009,Bronco Mendenhall,11-2,11,2,0,Mountain West,2.0,1,44,20,1
8/30,Northern Iowa,2008,Bronco Mendenhall,10-3,10,3,0,Mountain West,3.0,1,41,17,0
9/6,Washington,2008,Bronco Mendenhall,10-3,10,3,0,Mountain West,3.0,1,28,27,1
9/13,UCLA,2008,Bronco Mendenhall,10-3,10,3,0,Mountain West,3.0,1,59,0,0
9/20,Wyoming,2008,Bronco Mendenhall,10-3,10,3,0,Mountain West,3.0,1,44,0,0
10/3,Utah State,2008,Bronco Mendenhall,10-3,10,3,0,Mountain West,3.0,1,34,14,1
10/11,New Mexico,2008,Bronco Mendenhall,10-3,10,3,0,Mountain West,3.0,1,21,3,0
10/16,TCU,2008,Bronco Mendenhall,10-3,10,3,0,Mountain West,3.0,0,7,32,1
10/25,UNLV,2008,Bronco Mendenhall,10-3,10,3,0,Mountain West,3.0,1,42,35,0
11/1,Colorado State,2008,Bronco Mendenhall,10-3,10,3,0,Mountain West,3.0,1,45,42,1
11/8,San Diego State,2008,Bronco Mendenhall,10-3,10,3,0,Mountain West,3.0,1,41,12,0
11/15,Air Force,2008,Bronco Mendenhall,10-3,10,3,0,Mountain West,3.0,1,38,24,1
11/22,Utah,2008,Bronco Mendenhall,10-3,10,3,0,Mountain West,3.0,0,24,48,1
12/20,Arizona,2008,Bronco Mendenhall,10-3,10,3,0,Mountain West,3.0,0,21,31,1
9/1,Arizona,2007,Bronco Mendenhall,11-2,11,2,0,Mountain West,1.0,1,20,7,0
9/8,UCLA,2007,Bronco Mendenhall,11-2,11,2,0,Mountain West,1.0,0,17,27,1
9/15,Tulsa,2007,Bronco Mendenhall,11-2,11,2,0,Mountain West,1.0,0,47,55,1
9/22,Air Force,2007,Bronco Mendenhall,11-2,11,2,0,Mountain West,1.0,1,31,6,0
9/29,New Mexico,2007,Bronco Mendenhall,11-2,11,2,0,Mountain West,1.0,1,31,24,1
10/13,UNLV,2007,Bronco Mendenhall,11-2,11,2,0,Mountain West,1.0,1,24,14,1
10/20,Eastern Wash,2007,Bronco Mendenhall,11-2,11,2,0,Mountain West,1.0,1,42,7,0
11/3,Colorado State,2007,Bronco Mendenhall,11-2,11,2,0,Mountain West,1.0,1,35,16,0
11/8,TCU,2007,Bronco Mendenhall,11-2,11,2,0,Mountain West,1.0,1,27,22,0
11/16,Wyoming,2007,Bronco Mendenhall,11-2,11,2,0,Mountain West,1.0,1,35,10,1
11/24,Utah,2007,Bronco Mendenhall,11-2,11,2,0,Mountain West,1.0,1,17,10,0
12/1,San Diego State,2007,Bronco Mendenhall,11-2,11,2,0,Mountain West,1.0,1,48,27,1
12/22,UCLA,2007,Bronco Mendenhall,11-2,11,2,0,Mountain West,1.0,1,17,16,1
9/2,Arizona,2006,Bronco Mendenhall,11-2,11,2,0,Mountain West,1.0,0,13,16,1
9/9,Tulsa,2006,Bronco Mendenhall,11-2,11,2,0,Mountain West,1.0,1,49,24,0
9/16,Boston College,2006,Bronco Mendenhall,11-2,11,2,0,Mountain West,1.0,0,23,30,1
9/23,Utah State,2006,Bronco Mendenhall,11-2,11,2,0,Mountain West,1.0,1,38,0,0
9/28,TCU,2006,Bronco Mendenhall,11-2,11,2,0,Mountain West,1.0,1,31,17,1
10/7,San Diego State,2006,Bronco Mendenhall,11-2,11,2,0,Mountain West,1.0,1,47,17,0
10/21,UNLV,2006,Bronco Mendenhall,11-2,11,2,0,Mountain West,1.0,1,52,7,0
10/28,Air Force,2006,Bronco Mendenhall,11-2,11,2,0,Mountain West,1.0,1,33,14,1
11/4,Colorado State,2006,Bronco Mendenhall,11-2,11,2,0,Mountain West,1.0,1,24,3,1
11/9,Wyoming,2006,Bronco Mendenhall,11-2,11,2,0,Mountain West,1.0,1,55,7,0
11/18,New Mexico,2006,Bronco Mendenhall,11-2,11,2,0,Mountain West,1.0,1,42,17,0
11/25,Utah,2006,Bronco Mendenhall,11-2,11,2,0,Mountain West,1.0,1,33,31,1
12/21,Oregon,2006,Bronco Mendenhall,11-2,11,2,0,Mountain West,1.0,1,38,8,1
9/3,Boston College,2005,Bronco Mendenhall,6-6,6,6,0,Mountain West,2.0,0,3,20,0
9/10,Eastern Illinois,2005,Bronco Mendenhall,6-6,6,6,0,Mountain West,2.0,1,45,10,0
9/24,TCU,2005,Bronco Mendenhall,6-6,6,6,0,Mountain West,2.0,0,50,51,0
10/1,San Diego State,2005,Bronco Mendenhall,6-6,6,6,0,Mountain West,2.0,0,10,31,1
10/8,New Mexico,2005,Bronco Mendenhall,6-6,6,6,0,Mountain West,2.0,1,27,24,1
10/15,Colorado State,2005,Bronco Mendenhall,6-6,6,6,0,Mountain West,2.0,1,24,14,0
10/22,Notre Dame,2005,Bronco Mendenhall,6-6,6,6,0,Mountain West,2.0,0,23,49,1
10/29,Air Force,2005,Bronco Mendenhall,6-6,6,6,0,Mountain West,2.0,1,62,41,0
11/5,UNLV,2005,Bronco Mendenhall,6-6,6,6,0,Mountain West,2.0,1,55,14,1
11/12,Wyoming,2005,Bronco Mendenhall,6-6,6,6,0,Mountain West,2.0,1,35,21,1
11/19,Utah,2005,Bronco Mendenhall,6-6,6,6,0,Mountain West,2.0,0,34,41,0
12/22,California,2005,Bronco Mendenhall,6-6,6,6,0,Mountain West,2.0,0,28,35,1
9/4,Notre Dame,2004,Gary Crowton,5-6,5,6,0,Mountain West,3.0,1,20,17,0
9/11,Stanford,2004,Gary Crowton,5-6,5,6,0,Mountain West,3.0,0,10,37,1
9/18,USC,2004,Gary Crowton,5-6,5,6,0,Mountain West,3.0,0,10,42,0
9/24,Boise State,2004,Gary Crowton,5-6,5,6,0,Mountain West,3.0,0,27,28,1
10/2,Colorado State,2004,Gary Crowton,5-6,5,6,0,Mountain West,3.0,1,31,21,1
10/8,UNLV,2004,Gary Crowton,5-6,5,6,0,Mountain West,3.0,0,20,24,0
10/16,Wyoming,2004,Gary Crowton,5-6,5,6,0,Mountain West,3.0,1,24,13,0
10/23,Air Force,2004,Gary Crowton,5-6,5,6,0,Mountain West,3.0,1,41,24,1
11/06,San Diego State,2004,Gary Crowton,5-6,5,6,0,Mountain West,3.0,1,49,16,0
11/13,New Mexico,2004,Gary Crowton,5-6,5,6,0,Mountain West,3.0,0,14,21,0
11/20,Utah,2004,Gary Crowton,5-6,5,6,0,Mountain West,3.0,0,21,52,1
8/28,Georgia Tech,2003,Gary Crowton,4-8,4,8,0,Mountain West,4.0,1,24,13,0
9/6,USC,2003,Gary Crowton,4-8,4,8,0,Mountain West,4.0,0,18,35,1
9/13,New Mexico,2003,Gary Crowton,4-8,4,8,0,Mountain West,4.0,1,10,7,1
9/20,Stanford,2003,Gary Crowton,4-8,4,8,0,Mountain West,4.0,0,14,18,0
9/27,Air Force,2003,Gary Crowton,4-8,4,8,0,Mountain West,4.0,0,10,24,0
10/4,San Diego State,2003,Gary Crowton,4-8,4,8,0,Mountain West,4.0,1,44,36,1
10/9,Colorado State,2003,Gary Crowton,4-8,4,8,0,Mountain West,4.0,0,13,58,0
10/18,Wyoming,2003,Gary Crowton,4-8,4,8,0,Mountain West,4.0,0,10,13,1
10/25,UNLV,2003,Gary Crowton,4-8,4,8,0,Mountain West,4.0,1,27,20,1
10/30,Boise State,2003,Gary Crowton,4-8,4,8,0,Mountain West,4.0,0,12,50,0
11/15,Notre Dame,2003,Gary Crowton,4-8,4,8,0,Mountain West,4.0,0,14,33,1
11/22,Utah,2003,Gary Crowton,4-8,4,8,0,Mountain West,4.0,0,0,3,0
8/29,Syracuse,2002,Gary Crowton,5-7,5,7,0,Mountain West,7.0,1,42,21,0
9/6,Hawaii,2002,Gary Crowton,5-7,5,7,0,Mountain West,7.0,1,35,32,0
9/14,Nevada,2002,Gary Crowton,5-7,5,7,0,Mountain West,7.0,0,28,31,1
9/21,Georgia Tech,2002,Gary Crowton,5-7,5,7,0,Mountain West,7.0,0,19,28,1
10/4,Utah State,2002,Gary Crowton,5-7,5,7,0,Mountain West,7.0,1,35,34,1
10/12,Air Force,2002,Gary Crowton,5-7,5,7,0,Mountain West,7.0,0,9,52,1
10/19,UNLV,2002,Gary Crowton,5-7,5,7,0,Mountain West,7.0,0,3,24,0
10/24,Colorado State,2002,Gary Crowton,5-7,5,7,0,Mountain West,7.0,0,10,37,1
11/2,San Diego State,2002,Gary Crowton,5-7,5,7,0,Mountain West,7.0,1,34,10,0
11/9,Wyoming,2002,Gary Crowton,5-7,5,7,0,Mountain West,7.0,1,35,31,0
11/16,New Mexico,2002,Gary Crowton,5-7,5,7,0,Mountain West,7.0,0,16,20,0
11/23,Utah,2002,Gary Crowton,5-7,5,7,0,Mountain West,7.0,0,13,16,1
8/25,Tulane,2001,Gary Crowton,12-2,12,2,0,Mountain West,1.0,1,70,35,0
9/1,Nevada,2001,Gary Crowton,12-2,12,2,0,Mountain West,1.0,1,52,7,0
9/8,California,2001,Gary Crowton,12-2,12,2,0,Mountain West,1.0,1,44,16,1
9/29,UNLV,2001,Gary Crowton,12-2,12,2,0,Mountain West,1.0,1,35,31,1
10/5,Utah State,2001,Gary Crowton,12-2,12,2,0,Mountain West,1.0,1,54,34,0
10/13,New Mexico,2001,Gary Crowton,12-2,12,2,0,Mountain West,1.0,1,24,20,1
10/20,Air Force,2001,Gary Crowton,12-2,12,2,0,Mountain West,1.0,1,63,33,0
10/27,San Diego State,2001,Gary Crowton,12-2,12,2,0,Mountain West,1.0,1,59,21,1
11/1,Colorado State,2001,Gary Crowton,12-2,12,2,0,Mountain West,1.0,1,56,34,0
11/10,Wyoming,2001,Gary Crowton,12-2,12,2,0,Mountain West,1.0,1,41,34,1
11/17,Utah,2001,Gary Crowton,12-2,12,2,0,Mountain West,1.0,1,24,21,0
12/1,Mississippi St,2001,Gary Crowton,12-2,12,2,0,Mountain West,1.0,1,41,38,1
12/8,Hawaii,2001,Gary Crowton,12-2,12,2,0,Mountain West,1.0,0,45,72,1
12/31,Louisville,2001,Gary Crowton,12-2,12,2,0,Mountain West,1.0,0,10,28,1
8/26,Florida State,2000,LaVell Edwards,6-6,6,6,0,Mountain West,3.0,0,3,29,1
9/2,Virginia,2000,LaVell Edwards,6-6,6,6,0,Mountain West,3.0,1,38,35,1
9/9,Air Force,2000,LaVell Edwards,6-6,6,6,0,Mountain West,3.0,0,23,31,1
9/14,Mississippi State,2000,LaVell Edwards,6-6,6,6,0,Mountain West,3.0,0,28,44,0
9/23,UNLV,2000,LaVell Edwards,6-6,6,6,0,Mountain West,3.0,1,10,7,0
9/30,Syracuse,2000,LaVell Edwards,6-6,6,6,0,Mountain West,3.0,0,14,42,1
10/6,Utah State,2000,LaVell Edwards,6-6,6,6,0,Mountain West,3.0,1,38,14,0
10/21,San Diego St,2000,LaVell Edwards,6-6,6,6,0,Mountain West,3.0,0,15,16,0
10/26,Wyoming,2000,LaVell Edwards,6-6,6,6,0,Mountain West,3.0,1,19,7,0
11/2,Colorado State,2000,LaVell Edwards,6-6,6,6,0,Mountain West,3.0,0,21,45,1
11/18,New Mexico,2000,LaVell Edwards,6-6,6,6,0,Mountain West,3.0,1,37,13,0
11/24,Utah,2000,LaVell Edwards,6-6,6,6,0,Mountain West,3.0,1,34,27,1
9/9,Washington,1999,LaVell Edwards,8-4,8,4,0,Mountain West,1.0,1,35,28,0
9/16,Colorado State,1999,LaVell Edwards,8-4,8,4,0,Mountain West,1.0,1,34,13,0
9/25,Virginia,1999,LaVell Edwards,8-4,8,4,0,Mountain West,1.0,0,40,45,0
10/1,Utah State,1999,LaVell Edwards,8-4,8,4,0,Mountain West,1.0,1,34,31,1
10/9,California,1999,LaVell Edwards,8-4,8,4,0,Mountain West,1.0,1,38,28,0
10/16,New Mexico,1999,LaVell Edwards,8-4,8,4,0,Mountain West,1.0,1,31,7,1
10/23,UNLV,1999,LaVell Edwards,8-4,8,4,0,Mountain West,1.0,1,29,0,1
10/30,Air Force,1999,LaVell Edwards,8-4,8,4,0,Mountain West,1.0,1,27,20,0
11/6,San Diego State,1999,LaVell Edwards,8-4,8,4,0,Mountain West,1.0,1,30,7,1
11/13,Wyoming,1999,LaVell Edwards,8-4,8,4,0,Mountain West,1.0,0,17,31,1
11/20,Utah,1999,LaVell Edwards,8-4,8,4,0,Mountain West,1.0,0,17,20,0
12/27,Marshall,1999,LaVell Edwards,8-4,8,4,0,Mountain West,1.0,0,3,21,1
9/5,Alabama,1998,LaVell Edwards,9-5,9,5,0,Western Athletic,2.0,0,31,38,1
9/12,Arizona State,1998,LaVell Edwards,9-5,9,5,0,Western Athletic,2.0,1,26,6,0
9/19,Washington,1998,LaVell Edwards,9-5,9,5,0,Western Athletic,2.0,0,10,20,1
9/26,Murray State,1998,LaVell Edwards,9-5,9,5,0,Western Athletic,2.0,1,43,9,0
10/3,Fresno State,1998,LaVell Edwards,9-5,9,5,0,Western Athletic,2.0,0,21,31,1
10/10,UNLV,1998,LaVell Edwards,9-5,9,5,0,Western Athletic,2.0,1,38,14,0
10/17,Hawaii,1998,LaVell Edwards,9-5,9,5,0,Western Athletic,2.0,1,31,9,1
10/24,San Jose State,1998,LaVell Edwards,9-5,9,5,0,Western Athletic,2.0,1,46,43,0
10/29,San Diego State,1998,LaVell Edwards,9-5,9,5,0,Western Athletic,2.0,1,13,0,0
11/7,New Mexico,1998,LaVell Edwards,9-5,9,5,0,Western Athletic,2.0,1,46,21,0
11/14,UTEP,1998,LaVell Edwards,9-5,9,5,0,Western Athletic,2.0,1,31,14,1
11/21,Utah,1998,LaVell Edwards,9-5,9,5,0,Western Athletic,2.0,1,26,24,1
12/5,Air Force,1998,LaVell Edwards,9-5,9,5,0,Western Athletic,2.0,0,13,20,1
12/31,Tulane,1998,LaVell Edwards,9-5,9,5,0,Western Athletic,2.0,0,27,41,1
9/6,Washington,1997,LaVell Edwards,6-5,6,5,0,Western Athletic,5.0,0,20,42,0
9/20,Arizona State,1997,LaVell Edwards,6-5,6,5,0,Western Athletic,5.0,1,13,10,1
9/27,SMU,1997,LaVell Edwards,6-5,6,5,0,Western Athletic,5.0,1,19,16,1
10/3,Utah State,1997,LaVell Edwards,6-5,6,5,0,Western Athletic,5.0,1,42,35,0
10/11,Rice,1997,LaVell Edwards,6-5,6,5,0,Western Athletic,5.0,0,14,27,1
10/18,Hawaii,1997,LaVell Edwards,6-5,6,5,0,Western Athletic,5.0,1,17,3,0
10/25,TCU,1997,LaVell Edwards,6-5,6,5,0,Western Athletic,5.0,1,31,10,0
11/1,UTEP,1997,LaVell Edwards,6-5,6,5,0,Western Athletic,5.0,0,3,13,1
11/8,Tulsa,1997,LaVell Edwards,6-5,6,5,0,Western Athletic,5.0,1,49,39,0
11/15,New Mexico,1997,LaVell Edwards,6-5,6,5,0,Western Athletic,5.0,0,28,38,1
11/22,Utah,1997,LaVell Edwards,6-5,6,5,0,Western Athletic,5.0,0,14,20,0
8/24,Texas A&M,1996,LaVell Edwards,14-1,14,1,0,Western Athletic,1.0,1,41,37,0
8/31,Arkansas State,1996,LaVell Edwards,14-1,14,1,0,Western Athletic,1.0,1,58,9,0
9/14,Washington,1996,LaVell Edwards,14-1,14,1,0,Western Athletic,1.0,0,17,29,1
9/21,New Mexico,1996,LaVell Edwards,14-1,14,1,0,Western Athletic,1.0,1,17,14,0
9/28,SMU,1996,LaVell Edwards,14-1,14,1,0,Western Athletic,1.0,1,31,3,0
10/4,Utah State,1996,LaVell Edwards,14-1,14,1,0,Western Athletic,1.0,1,45,17,1
10/12,UNLV,1996,LaVell Edwards,14-1,14,1,0,Western Athletic,1.0,1,63,28,0
10/19,Tulsa,1996,LaVell Edwards,14-1,14,1,0,Western Athletic,1.0,1,55,30,1
10/26,TCU,1996,LaVell Edwards,14-1,14,1,0,Western Athletic,1.0,1,45,21,1
11/2,UTEP,1996,LaVell Edwards,14-1,14,1,0,Western Athletic,1.0,1,40,18,0
11/9,Rice,1996,LaVell Edwards,14-1,14,1,0,Western Athletic,1.0,1,49,0,0
11/16,Hawaii,1996,LaVell Edwards,14-1,14,1,0,Western Athletic,1.0,1,45,14,1
11/23,Utah,1996,LaVell Edwards,14-1,14,1,0,Western Athletic,1.0,1,37,17,1
12/7,Wyoming,1996,LaVell Edwards,14-1,14,1,0,Western Athletic,1.0,1,28,25,1
1/1,Kansas State,1996,LaVell Edwards,14-1,14,1,0,Western Athletic,1.0,1,19,15,1
9/2,Air Force,1995,LaVell Edwards,7-4,7,4,0,Western Athletic,1.0,0,12,38,1
9/9,UCLA,1995,LaVell Edwards,7-4,7,4,0,Western Athletic,1.0,0,9,23,0
9/16,San Diego State,1995,LaVell Edwards,7-4,7,4,0,Western Athletic,1.0,1,31,9,0
9/30,Colorado State,1995,LaVell Edwards,7-4,7,4,0,Western Athletic,1.0,1,28,21,1
10/14,Arizona State,1995,LaVell Edwards,7-4,7,4,0,Western Athletic,1.0,0,21,29,1
10/21,Wyoming,1995,LaVell Edwards,7-4,7,4,0,Western Athletic,1.0,1,23,20,0
10/28,Hawaii,1995,LaVell Edwards,7-4,7,4,0,Western Athletic,1.0,1,45,7,0
11/4,Tulsa,1995,LaVell Edwards,7-4,7,4,0,Western Athletic,1.0,1,45,35,0
11/11,New Mexico,1995,LaVell Edwards,7-4,7,4,0,Western Athletic,1.0,1,31,13,1
11/18,Utah,1995,LaVell Edwards,7-4,7,4,0,Western Athletic,1.0,0,17,34,0
11/25,Fresno State,1995,LaVell Edwards,7-4,7,4,0,Western Athletic,1.0,1,45,28,1
9/3,Hawaii,1994,LaVell Edwards,10-3,10,3,0,Western Athletic,2.0,1,13,12,1
9/10,Air Force,1994,LaVell Edwards,10-3,10,3,0,Western Athletic,2.0,1,45,21,1
9/17,Colorado State,1994,LaVell Edwards,10-3,10,3,0,Western Athletic,2.0,0,21,28,0
9/24,New Mexico,1994,LaVell Edwards,10-3,10,3,0,Western Athletic,2.0,1,49,47,0
9/30,Utah State,1994,LaVell Edwards,10-3,10,3,0,Western Athletic,2.0,1,34,6,0
10/8,Fresno State,1994,LaVell Edwards,10-3,10,3,0,Western Athletic,2.0,1,32,30,1
10/15,Notre Dame,1994,LaVell Edwards,10-3,10,3,0,Western Athletic,2.0,1,21,14,1
10/22,UTEP,1994,LaVell Edwards,10-3,10,3,0,Western Athletic,2.0,1,34,28,1
10/29,Arizona State,1994,LaVell Edwards,10-3,10,3,0,Western Athletic,2.0,0,15,36,0
11/5,NE Louisiana,1994,LaVell Edwards,10-3,10,3,0,Western Athletic,2.0,1,24,10,0
11/10,San Diego State,1994,LaVell Edwards,10-3,10,3,0,Western Athletic,2.0,1,35,28,0
11/19,Utah,1994,LaVell Edwards,10-3,10,3,0,Western Athletic,2.0,0,31,34,1
12/31,Oklahoma,1994,LaVell Edwards,10-3,10,3,0,Western Athletic,2.0,1,31,6,1
9/4,New Mexico,1993,LaVell Edwards,6-6,6,6,0,Western Athletic,1.0,1,34,31,1
9/11,Hawaii,1993,LaVell Edwards,6-6,6,6,0,Western Athletic,1.0,1,41,38,0
9/18,Colorado State,1993,LaVell Edwards,6-6,6,6,0,Western Athletic,1.0,1,27,22,1
9/25,Air Force,1993,LaVell Edwards,6-6,6,6,0,Western Athletic,1.0,1,30,3,0
10/9,UCLA,1993,LaVell Edwards,6-6,6,6,0,Western Athletic,1.0,0,14,68,1
10/16,Notre Dame,1993,LaVell Edwards,6-6,6,6,0,Western Athletic,1.0,0,20,45,0
10/23,Fresno State,1993,LaVell Edwards,6-6,6,6,0,Western Athletic,1.0,0,45,48,0
10/30,Utah State,1993,LaVell Edwards,6-6,6,6,0,Western Athletic,1.0,0,56,58,1
11/11,San Diego State,1993,LaVell Edwards,6-6,6,6,0,Western Athletic,1.0,1,45,44,1
11/20,Utah,1993,LaVell Edwards,6-6,6,6,0,Western Athletic,1.0,0,31,34,0
11/27,UTEP,1993,LaVell Edwards,6-6,6,6,0,Western Athletic,1.0,1,47,16,0
12/30,Ohio State,1993,LaVell Edwards,6-6,6,6,0,Western Athletic,1.0,0,21,,1
9/5,UTEP,1992,LaVell Edwards,8-5,8,5,0,Western Athletic,1.0,1,38,28,1
9/10,San Diego State,1992,LaVell Edwards,8-5,8,5,0,Western Athletic,1.0,0,38,45,0
9/19,UCLA,1992,LaVell Edwards,8-5,8,5,0,Western Athletic,1.0,0,10,17,0
9/26,Hawaii,1992,LaVell Edwards,8-5,8,5,0,Western Athletic,1.0,0,32,36,1
10/2,Utah State,1992,LaVell Edwards,8-5,8,5,0,Western Athletic,1.0,1,30,9,0
10/10,Fresno State,1992,LaVell Edwards,8-5,8,5,0,Western Athletic,1.0,1,36,24,0
10/17,Wyoming,1992,LaVell Edwards,8-5,8,5,0,Western Athletic,1.0,1,31,28,1
10/24,Notre Dame,1992,LaVell Edwards,8-5,8,5,0,Western Athletic,1.0,0,16,42,1
10/31,Penn State,1992,LaVell Edwards,8-5,8,5,0,Western Athletic,1.0,1,30,17,0
11/7,New Mexico,1992,LaVell Edwards,8-5,8,5,0,Western Athletic,1.0,1,35,0,0
11/14,Air Force,1992,LaVell Edwards,8-5,8,5,0,Western Athletic,1.0,1,28,7,1
11/21,Utah,1992,LaVell Edwards,8-5,8,5,0,Western Athletic,1.0,1,31,22,1
12/25,Kansas,1992,LaVell Edwards,8-5,8,5,0,Western Athletic,1.0,0,20,23,1
8/29,Florida State,1991,LaVell Edwards,8-3-2,8,3,2,Western Athletic,1.0,0,28,44,1
9/7,UCLA,1991,LaVell Edwards,8-3-2,8,3,2,Western Athletic,1.0,0,23,27,1
9/21,Penn State,1991,LaVell Edwards,8-3-2,8,3,2,Western Athletic,1.0,0,7,33,1
9/28,Air Force,1991,LaVell Edwards,8-3-2,8,3,2,Western Athletic,1.0,1,21,7,0
10/4,Utah State,1991,LaVell Edwards,8-3-2,8,3,2,Western Athletic,1.0,1,38,10,0
10/12,UTEP,1991,LaVell Edwards,8-3-2,8,3,2,Western Athletic,1.0,1,31,29,0
10/19,Hawaii,1991,LaVell Edwards,8-3-2,8,3,2,Western Athletic,1.0,1,35,18,0
10/26,New Mexico,1991,LaVell Edwards,8-3-2,8,3,2,Western Athletic,1.0,1,41,23,1
10/31,Colorado State,1991,LaVell Edwards,8-3-2,8,3,2,Western Athletic,1.0,1,40,17,1
11/9,Wyoming,1991,LaVell Edwards,8-3-2,8,3,2,Western Athletic,1.0,1,52,31,0
11/16,San Diego State,1991,LaVell Edwards,8-3-2,8,3,2,Western Athletic,1.0,0,52,52,1
11/23,Utah,1991,LaVell Edwards,8-3-2,8,3,2,Western Athletic,1.0,1,48,17,0
12/30,Iowa,1991,LaVell Edwards,8-3-2,8,3,2,Western Athletic,1.0,0,13,13,1
9/1,UTEP,1990,LaVell Edwards,10-3,10,3,0,Western Athletic,1.0,1,30,10,1
9/8,Miami,1990,LaVell Edwards,10-3,10,3,0,Western Athletic,1.0,1,28,21,0
9/15,Washington State,1990,LaVell Edwards,10-3,10,3,0,Western Athletic,1.0,1,50,36,0
9/22,San Diego State,1990,LaVell Edwards,10-3,10,3,0,Western Athletic,1.0,1,62,34,0
9/29,Oregon,1990,LaVell Edwards,10-3,10,3,0,Western Athletic,1.0,0,16,32,1
10/13,Colorado State,1990,LaVell Edwards,10-3,10,3,0,Western Athletic,1.0,1,52,9,0
10/27,New Mexico,1990,LaVell Edwards,10-3,10,3,0,Western Athletic,1.0,1,55,31,0
11/3,Air Force,1990,LaVell Edwards,10-3,10,3,0,Western Athletic,1.0,1,54,7,1
11/10,Wyoming,1990,LaVell Edwards,10-3,10,3,0,Western Athletic,1.0,1,45,14,1
11/17,Utah,1990,LaVell Edwards,10-3,10,3,0,Western Athletic,1.0,1,45,22,1
11/24,Utah State,1990,LaVell Edwards,10-3,10,3,0,Western Athletic,1.0,1,45,10,0
12/1,Hawaii,1990,LaVell Edwards,10-3,10,3,0,Western Athletic,1.0,0,28,59,1
12/29,Texas A&M,1990,LaVell Edwards,10-3,10,3,0,Western Athletic,1.0,0,14,65,1
9/2,New Mexico,1989,LaVell Edwards,10-3,10,3,0,Western Athletic,1.0,1,24,3,1
9/7,Washington State,1989,LaVell Edwards,10-3,10,3,0,Western Athletic,1.0,0,41,46,0
9/16,Navy,1989,LaVell Edwards,10-3,10,3,0,Western Athletic,1.0,1,31,10,1
9/30,Utah State,1989,LaVell Edwards,10-3,10,3,0,Western Athletic,1.0,1,37,10,1
10/7,Wyoming,1989,LaVell Edwards,10-3,10,3,0,Western Athletic,1.0,1,36,20,0
10/14,Colorado State,1989,LaVell Edwards,10-3,10,3,0,Western Athletic,1.0,1,45,16,1
10/21,UTEP,1989,LaVell Edwards,10-3,10,3,0,Western Athletic,1.0,1,49,24,0
10/28,Hawaii,1989,LaVell Edwards,10-3,10,3,0,Western Athletic,1.0,0,14,56,1
11/4,Oregon,1989,LaVell Edwards,10-3,10,3,0,Western Athletic,1.0,1,45,41,0
11/11,Air Force,1989,LaVell Edwards,10-3,10,3,0,Western Athletic,1.0,1,44,35,0
11/18,Utah,1989,LaVell Edwards,10-3,10,3,0,Western Athletic,1.0,1,70,31,0
11/25,San Diego State,1989,LaVell Edwards,10-3,10,3,0,Western Athletic,1.0,1,48,27,1
12/29,Penn State,1989,LaVell Edwards,10-3,10,3,0,Western Athletic,1.0,0,39,50,1
9/1,Wyoming,1988,LaVell Edwards,9-4,9,4,0,Western Athletic,3.0,0,14,24,1
9/8,Texas,1988,LaVell Edwards,9-4,9,4,0,Western Athletic,3.0,1,47,6,0
9/17,UTEP,1988,LaVell Edwards,9-4,9,4,0,Western Athletic,3.0,1,31,27,0
9/30,Utah State,1988,LaVell Edwards,9-4,9,4,0,Western Athletic,3.0,1,38,3,0
10/8,Colorado State,1988,LaVell Edwards,9-4,9,4,0,Western Athletic,3.0,1,42,7,0
10/15,Texas Christian,1988,LaVell Edwards,9-4,9,4,0,Western Athletic,3.0,1,31,18,0
10/22,Hawaii,1988,LaVell Edwards,9-4,9,4,0,Western Athletic,3.0,1,24,23,1
10/29,New Mexico,1988,LaVell Edwards,9-4,9,4,0,Western Athletic,3.0,1,65,0,0
11/5,San Diego State,1988,LaVell Edwards,9-4,9,4,0,Western Athletic,3.0,0,15,27,1
11/12,Air Force,1988,LaVell Edwards,9-4,9,4,0,Western Athletic,3.0,1,49,31,1
11/19,Utah,1988,LaVell Edwards,9-4,9,4,0,Western Athletic,3.0,0,28,57,1
12/3,Miami,1988,LaVell Edwards,9-4,9,4,0,Western Athletic,3.0,0,17,41,1
12/29,Colorado,1988,LaVell Edwards,9-4,9,4,0,Western Athletic,3.0,1,20,17,1
9/2,Pittsburgh,1987,LaVell Edwards,9-4,9,4,0,Western Athletic,2.0,0,17,27,0
9/12,Texas,1987,LaVell Edwards,9-4,9,4,0,Western Athletic,2.0,1,22,17,1
9/19,Texas Christian,1987,LaVell Edwards,9-4,9,4,0,Western Athletic,2.0,0,12,33,1
9/26,New Mexico,1987,LaVell Edwards,9-4,9,4,0,Western Athletic,2.0,1,45,25,1
10/2,Utah State,1987,LaVell Edwards,9-4,9,4,0,Western Athletic,2.0,1,45,24,0
10/10,Wyoming,1987,LaVell Edwards,9-4,9,4,0,Western Athletic,2.0,0,27,29,0
10/24,Hawaii,1987,LaVell Edwards,9-4,9,4,0,Western Athletic,2.0,1,16,14,1
10/31,Air Force,1987,LaVell Edwards,9-4,9,4,0,Western Athletic,2.0,1,24,13,0
11/7,San Diego State,1987,LaVell Edwards,9-4,9,4,0,Western Athletic,2.0,1,38,21,0
11/14,UTEP,1987,LaVell Edwards,9-4,9,4,0,Western Athletic,2.0,1,37,24,1
11/21,Utah,1987,LaVell Edwards,9-4,9,4,0,Western Athletic,2.0,1,21,18,0
12/5,Colorado State,1987,LaVell Edwards,9-4,9,4,0,Western Athletic,2.0,1,30,26,0
12/22,Virginia,1987,LaVell Edwards,9-4,9,4,0,Western Athletic,2.0,0,16,22,1
9/6,Utah State,1986,LaVell Edwards,8-5,8,5,0,Western Athletic,2.0,1,52,0,0
9/13,New Mexico,1986,LaVell Edwards,8-5,8,5,0,Western Athletic,2.0,1,31,30,0
9/20,Washington,1986,LaVell Edwards,8-5,8,5,0,Western Athletic,2.0,0,21,52,1
9/27,Temple,1986,LaVell Edwards,8-5,8,5,0,Western Athletic,2.0,1,27,17,0
10/3,Colorado State,1986,LaVell Edwards,8-5,8,5,0,Western Athletic,2.0,0,20,24,0
10/18,Wyoming,1986,LaVell Edwards,8-5,8,5,0,Western Athletic,2.0,1,34,22,1
10/25,UTEP,1986,LaVell Edwards,8-5,8,5,0,Western Athletic,2.0,1,37,13,0
11/8,Hawaii,1986,LaVell Edwards,8-5,8,5,0,Western Athletic,2.0,1,10,3,1
11/15,Oregon State,1986,LaVell Edwards,8-5,8,5,0,Western Athletic,2.0,0,7,10,0
11/22,Utah,1986,LaVell Edwards,8-5,8,5,0,Western Athletic,2.0,1,35,21,1
11/29,San Diego State,1986,LaVell Edwards,8-5,8,5,0,Western Athletic,2.0,0,3,10,1
12/6,Air Force,1986,LaVell Edwards,8-5,8,5,0,Western Athletic,2.0,1,23,3,1
12/30,UCLA,1986,LaVell Edwards,8-5,8,5,0,Western Athletic,2.0,0,10,31,1
8/29,Boston College,1985,LaVell Edwards,11-3,11,3,0,Western Athletic,1.0,1,28,14,1
9/7,UCLA,1985,LaVell Edwards,11-3,11,3,0,Western Athletic,1.0,0,24,27,0
9/14,Washington,1985,LaVell Edwards,11-3,11,3,0,Western Athletic,1.0,1,31,3,0
9/21,Temple,1985,LaVell Edwards,11-3,11,3,0,Western Athletic,1.0,1,26,24,1
10/5,Colorado State,1985,LaVell Edwards,11-3,11,3,0,Western Athletic,1.0,1,42,7,1
10/12,San Diego St,1985,LaVell Edwards,11-3,11,3,0,Western Athletic,1.0,1,28,0,0
10/19,New Mexico,1985,LaVell Edwards,11-3,11,3,0,Western Athletic,1.0,1,45,23,1
10/26,UTEP,1985,LaVell Edwards,11-3,11,3,0,Western Athletic,1.0,0,16,23,1
11/2,Wyoming,1985,LaVell Edwards,11-3,11,3,0,Western Athletic,1.0,1,59,0,0
11/9,Utah State,1985,LaVell Edwards,11-3,11,3,0,Western Athletic,1.0,1,44,0,1
11/16,Air Force,1985,LaVell Edwards,11-3,11,3,0,Western Athletic,1.0,1,28,21,0
11/23,Utah,1985,LaVell Edwards,11-3,11,3,0,Western Athletic,1.0,1,38,28,0
12/7,Hawaii,1985,LaVell Edwards,11-3,11,3,0,Western Athletic,1.0,1,26,6,1
12/28,Ohio State,1985,LaVell Edwards,11-3,11,3,0,Western Athletic,1.0,0,7,10,1
9/1,Pittsburgh,1984,LaVell Edwards,13-0,13,0,0,Western Athletic,1.0,1,20,14,1
9/8,Baylor,1984,LaVell Edwards,13-0,13,0,0,Western Athletic,1.0,1,47,13,0
9/15,Tulsa,1984,LaVell Edwards,13-0,13,0,0,Western Athletic,1.0,1,38,15,0
9/22,Hawaii,1984,LaVell Edwards,13-0,13,0,0,Western Athletic,1.0,1,18,13,1
10/6,Colorado State,1984,LaVell Edwards,13-0,13,0,0,Western Athletic,1.0,1,52,9,1
10/13,Wyoming,1984,LaVell Edwards,13-0,13,0,0,Western Athletic,1.0,1,41,38,0
10/20,Air Force,1984,LaVell Edwards,13-0,13,0,0,Western Athletic,1.0,1,30,25,1
10/25,New Mexico,1984,LaVell Edwards,13-0,13,0,0,Western Athletic,1.0,1,48,0,1
11/3,UTEP,1984,LaVell Edwards,13-0,13,0,0,Western Athletic,1.0,1,42,9,0
11/10,San Diego State,1984,LaVell Edwards,13-0,13,0,0,Western Athletic,1.0,1,34,3,0
11/17,Utah,1984,LaVell Edwards,13-0,13,0,0,Western Athletic,1.0,1,24,14,1
11/24,Utah State,1984,LaVell Edwards,13-0,13,0,0,Western Athletic,1.0,1,38,13,0
12/21,Michigan,1984,LaVell Edwards,13-0,13,0,0,Western Athletic,1.0,1,24,17,1
9/10,Baylor,1983,LaVell Edwards,11-1,11,1,0,Western Athletic,1.0,0,36,40,1
9/17,Bowling Green,1983,LaVell Edwards,11-1,11,1,0,Western Athletic,1.0,1,63,28,0
9/24,Air Force,1983,LaVell Edwards,11-1,11,1,0,Western Athletic,1.0,1,46,28,1
10/1,UCLA,1983,LaVell Edwards,11-1,11,1,0,Western Athletic,1.0,1,37,35,1
10/8,Wyoming,1983,LaVell Edwards,11-1,11,1,0,Western Athletic,1.0,1,41,10,1
10/15,New Mexico,1983,LaVell Edwards,11-1,11,1,0,Western Athletic,1.0,1,66,21,0
10/22,San Diego State,1983,LaVell Edwards,11-1,11,1,0,Western Athletic,1.0,1,47,12,1
10/29,Utah State,1983,LaVell Edwards,11-1,11,1,0,Western Athletic,1.0,1,38,34,0
11/5,UTEP,1983,LaVell Edwards,11-1,11,1,0,Western Athletic,1.0,1,31,9,1
11/12,Colorado State,1983,LaVell Edwards,11-1,11,1,0,Western Athletic,1.0,1,24,6,0
11/19,Utah,1983,LaVell Edwards,11-1,11,1,0,Western Athletic,1.0,1,55,7,0
12/23,Missouri,1983,LaVell Edwards,11-1,11,1,0,Western Athletic,1.0,1,21,17,1
9/2,UNLV,1982,LaVell Edwards,8-4,8,4,0,Western Athletic,1.0,1,27,0,1
9/11,Georgia,1982,LaVell Edwards,8-4,8,4,0,Western Athletic,1.0,0,14,17,1
9/25,Air Force,1982,LaVell Edwards,8-4,8,4,0,Western Athletic,1.0,0,38,39,0
10/2,UTEP,1982,LaVell Edwards,8-4,8,4,0,Western Athletic,1.0,1,51,3,1
10/9,New Mexico,1982,LaVell Edwards,8-4,8,4,0,Western Athletic,1.0,1,40,12,1
10/16,Hawaii,1982,LaVell Edwards,8-4,8,4,0,Western Athletic,1.0,1,39,25,0
10/23,Colorado State,1982,LaVell Edwards,8-4,8,4,0,Western Athletic,1.0,1,34,18,0
10/30,Utah State,1982,LaVell Edwards,8-4,8,4,0,Western Athletic,1.0,0,17,20,1
11/6,Wyoming,1982,LaVell Edwards,8-4,8,4,0,Western Athletic,1.0,1,23,13,0
11/13,San Diego State,1982,LaVell Edwards,8-4,8,4,0,Western Athletic,1.0,1,58,8,0
11/20,Utah,1982,LaVell Edwards,8-4,8,4,0,Western Athletic,1.0,1,17,12,1
12/17,Ohio State,1982,LaVell Edwards,8-4,8,4,0,Western Athletic,1.0,0,17,42,1
9/5,Long Beach St,1981,LaVell Edwards,11-2,11,2,0,Western Athletic,1.0,1,31,8,1
9/12,Air Force,1981,LaVell Edwards,11-2,11,2,0,Western Athletic,1.0,1,45,21,0
9/19,UTEP,1981,LaVell Edwards,11-2,11,2,0,Western Athletic,1.0,1,65,8,1
9/26,Colorado,1981,LaVell Edwards,11-2,11,2,0,Western Athletic,1.0,1,41,20,1
10/2,Utah State,1981,LaVell Edwards,11-2,11,2,0,Western Athletic,1.0,1,32,26,0
10/10,UNLV,1981,LaVell Edwards,11-2,11,2,0,Western Athletic,1.0,0,41,45,0
10/17,San Diego St,1981,LaVell Edwards,11-2,11,2,0,Western Athletic,1.0,1,27,7,1
10/24,Wyoming,1981,LaVell Edwards,11-2,11,2,0,Western Athletic,1.0,0,20,33,1
10/31,New Mexico,1981,LaVell Edwards,11-2,11,2,0,Western Athletic,1.0,1,31,7,0
11/7,Colorado State,1981,LaVell Edwards,11-2,11,2,0,Western Athletic,1.0,1,63,14,1
11/14,Hawaii,1981,LaVell Edwards,11-2,11,2,0,Western Athletic,1.0,1,13,3,1
11/21,Utah,1981,LaVell Edwards,11-2,11,2,0,Western Athletic,1.0,1,56,28,0
12/18,Wash St,1981,LaVell Edwards,11-2,11,2,0,Western Athletic,1.0,1,38,36,1
9/6,New Mexico,1980,LaVell Edwards,12-1,12,1,0,Western Athletic,1.0,0,21,25,1
9/13,San Diego State,1980,LaVell Edwards,12-1,12,1,0,Western Athletic,1.0,1,35,11,0
9/20,Wisconsin,1980,LaVell Edwards,12-1,12,1,0,Western Athletic,1.0,1,28,3,1
9/27,Long Beach State,1980,LaVell Edwards,12-1,12,1,0,Western Athletic,1.0,1,41,25,0
10/11,Wyoming,1980,LaVell Edwards,12-1,12,1,0,Western Athletic,1.0,1,52,17,0
10/18,Utah State,1980,LaVell Edwards,12-1,12,1,0,Western Athletic,1.0,1,70,46,1
10/25,Hawaii,1980,LaVell Edwards,12-1,12,1,0,Western Athletic,1.0,1,34,7,1
11/1,UTEP,1980,LaVell Edwards,12-1,12,1,0,Western Athletic,1.0,1,83,7,0
11/8,North Texas State,1980,LaVell Edwards,12-1,12,1,0,Western Athletic,1.0,1,41,23,0
11/15,Colorado State,1980,LaVell Edwards,12-1,12,1,0,Western Athletic,1.0,1,45,14,0
11/22,Utah,1980,LaVell Edwards,12-1,12,1,0,Western Athletic,1.0,1,56,6,1
11/29,UNLV,1980,LaVell Edwards,12-1,12,1,0,Western Athletic,1.0,1,54,14,1
12/19,SMU,1980,LaVell Edwards,12-1,12,1,0,Western Athletic,1.0,1,46,45,1
9/8,Texas A&M,1979,LaVell Edwards,11-1,11,1,0,Western Athletic,1.0,1,18,17,1
9/15,Weber State,1979,LaVell Edwards,11-1,11,1,0,Western Athletic,1.0,1,48,3,0
9/29,UTEP,1979,LaVell Edwards,11-1,11,1,0,Western Athletic,1.0,1,31,7,0
10/5,Hawaii,1979,LaVell Edwards,11-1,11,1,0,Western Athletic,1.0,1,38,15,0
10/13,Utah State,1979,LaVell Edwards,11-1,11,1,0,Western Athletic,1.0,1,48,24,1
10/20,Wyoming,1979,LaVell Edwards,11-1,11,1,0,Western Athletic,1.0,1,54,14,1
10/27,New Mexico,1979,LaVell Edwards,11-1,11,1,0,Western Athletic,1.0,1,59,7,0
11/3,Colorado State,1979,LaVell Edwards,11-1,11,1,0,Western Athletic,1.0,1,30,7,1
11/9,Long Beach St,1979,LaVell Edwards,11-1,11,1,0,Western Athletic,1.0,1,31,17,1
11/17,Utah,1979,LaVell Edwards,11-1,11,1,0,Western Athletic,1.0,1,27,0,0
11/24,San Diego State,1979,LaVell Edwards,11-1,11,1,0,Western Athletic,1.0,1,63,14,1
12/21,Indiana,1979,LaVell Edwards,11-1,11,1,0,Western Athletic,1.0,0,37,38,1
9/9,Oregon State,1978,LaVell Edwards,9-4,9,4,0,Western Athletic,1.0,1,10,6,1
9/16,Arizona State,1978,LaVell Edwards,9-4,9,4,0,Western Athletic,1.0,0,16,24,1
9/23,Colorado State,1978,LaVell Edwards,9-4,9,4,0,Western Athletic,1.0,1,32,6,0
9/30,New Mexico,1978,LaVell Edwards,9-4,9,4,0,Western Athletic,1.0,1,27,23,1
10/7,Utah State,1978,LaVell Edwards,9-4,9,4,0,Western Athletic,1.0,0,7,24,0
10/14,Oregon,1978,LaVell Edwards,9-4,9,4,0,Western Athletic,1.0,1,17,16,1
10/21,UTEP,1978,LaVell Edwards,9-4,9,4,0,Western Athletic,1.0,1,44,0,0
11/4,Wyoming,1978,LaVell Edwards,9-4,9,4,0,Western Athletic,1.0,1,48,14,0
11/11,San Diego State,1978,LaVell Edwards,9-4,9,4,0,Western Athletic,1.0,1,21,3,0
11/18,Utah,1978,LaVell Edwards,9-4,9,4,0,Western Athletic,1.0,0,22,23,1
11/25,Hawaii,1978,LaVell Edwards,9-4,9,4,0,Western Athletic,1.0,1,31,13,1
12/2,UNLV,1978,LaVell Edwards,9-4,9,4,0,Western Athletic,1.0,1,28,24,1
12/22,Navy,1978,LaVell Edwards,9-4,9,4,0,Western Athletic,1.0,0,16,23,1
9/10,Kansas State,1977,LaVell Edwards,9-2,9,2,0,Western Athletic,1.0,1,39,0,0
9/24,Utah St,1977,LaVell Edwards,9-2,9,2,0,Western Athletic,1.0,1,65,6,1
9/30,New Mexico,1977,LaVell Edwards,9-2,9,2,0,Western Athletic,1.0,1,54,19,0
10/8,Oregon State,1977,LaVell Edwards,9-2,9,2,0,Western Athletic,1.0,0,19,24,1
10/15,Colorado State,1977,LaVell Edwards,9-2,9,2,0,Western Athletic,1.0,1,63,17,1
10/22,Wyoming,1977,LaVell Edwards,9-2,9,2,0,Western Athletic,1.0,1,10,7,1
10/29,Arizona,1977,LaVell Edwards,9-2,9,2,0,Western Athletic,1.0,1,34,14,0
11/5,Utah,1977,LaVell Edwards,9-2,9,2,0,Western Athletic,1.0,1,38,8,0
11/12,Arizona State,1977,LaVell Edwards,9-2,9,2,0,Western Athletic,1.0,0,13,24,1
11/19,Long Beach State,1977,LaVell Edwards,9-2,9,2,0,Western Athletic,1.0,1,30,27,0
11/26,UTEP,1977,LaVell Edwards,9-2,9,2,0,Western Athletic,1.0,1,68,19,1
9/11,Kansas St,1976,LaVell Edwards,9-3,9,3,0,Western Athletic,1.0,0,3,13,1
9/18,Colorado St,1976,LaVell Edwards,9-3,9,3,0,Western Athletic,1.0,1,42,18,0
9/25,Arizona,1976,LaVell Edwards,9-3,9,3,0,Western Athletic,1.0,1,23,16,1
10/2,San Diego St,1976,LaVell Edwards,9-3,9,3,0,Western Athletic,1.0,1,8,0,1
10/9,Wyoming,1976,LaVell Edwards,9-3,9,3,0,Western Athletic,1.0,0,29,34,0
10/16,S Mississippi,1976,LaVell Edwards,9-3,9,3,0,Western Athletic,1.0,1,63,19,0
10/23,Utah State,1976,LaVell Edwards,9-3,9,3,0,Western Athletic,1.0,1,45,14,0
10/30,Arizona St,1976,LaVell Edwards,9-3,9,3,0,Western Athletic,1.0,1,43,21,0
11/6,UTEP,1976,LaVell Edwards,9-3,9,3,0,Western Athletic,1.0,1,40,27,0
11/13,New Mexico,1976,LaVell Edwards,9-3,9,3,0,Western Athletic,1.0,1,21,8,1
11/20,Utah,1976,LaVell Edwards,9-3,9,3,0,Western Athletic,1.0,1,34,12,1
12/18,Okla St,1976,LaVell Edwards,9-3,9,3,0,Western Athletic,1.0,0,21,49,1
9/13,Bowling Green,1975,LaVell Edwards,6-5,6,5,0,Western Athletic,4.0,0,21,23,0
9/20,Colorado St,1975,LaVell Edwards,6-5,6,5,0,Western Athletic,4.0,0,17,21,1
9/27,Arizona St,1975,LaVell Edwards,6-5,6,5,0,Western Athletic,4.0,0,0,20,1
10/3,New Mexico,1975,LaVell Edwards,6-5,6,5,0,Western Athletic,4.0,1,16,15,0
10/11,Air Force,1975,LaVell Edwards,6-5,6,5,0,Western Athletic,4.0,1,28,14,0
10/25,Wyoming,1975,LaVell Edwards,6-5,6,5,0,Western Athletic,4.0,1,33,20,1
11/1,Arizona,1975,LaVell Edwards,6-5,6,5,0,Western Athletic,4.0,0,20,36,0
11/8,Utah St,1975,LaVell Edwards,6-5,6,5,0,Western Athletic,4.0,1,24,7,1
11/15,Utah,1975,LaVell Edwards,6-5,6,5,0,Western Athletic,4.0,1,51,20,0
11/22,UTEP,1975,LaVell Edwards,6-5,6,5,0,Western Athletic,4.0,1,20,10,1
11/29,S Mississippi,1975,LaVell Edwards,6-5,6,5,0,Western Athletic,4.0,0,14,42,1
9/14,Hawaii,1974,LaVell Edwards,7-4-1,7,4,1,Western Athletic,1.0,0,13,15,1
9/21,Utah State,1974,LaVell Edwards,7-4-1,7,4,1,Western Athletic,1.0,0,6,9,0
9/28,Iowa State,1974,LaVell Edwards,7-4-1,7,4,1,Western Athletic,1.0,0,7,34,1
10/5,Colorado State,1974,LaVell Edwards,7-4-1,7,4,1,Western Athletic,1.0,0,33,33,1
10/12,Wyoming,1974,LaVell Edwards,7-4-1,7,4,1,Western Athletic,1.0,1,38,7,0
10/19,UTEP,1974,LaVell Edwards,7-4-1,7,4,1,Western Athletic,1.0,1,45,21,0
10/26,Arizona,1974,LaVell Edwards,7-4-1,7,4,1,Western Athletic,1.0,1,37,13,1
11/2,Air Force,1974,LaVell Edwards,7-4-1,7,4,1,Western Athletic,1.0,1,12,10,1
11/9,Arizona State,1974,LaVell Edwards,7-4-1,7,4,1,Western Athletic,1.0,1,21,18,0
11/16,New Mexico,1974,LaVell Edwards,7-4-1,7,4,1,Western Athletic,1.0,1,36,3,1
11/23,Utah,1974,LaVell Edwards,7-4-1,7,4,1,Western Athletic,1.0,1,48,20,0
12/28,Okla St,1974,LaVell Edwards,7-4-1,7,4,1,Western Athletic,1.0,0,6,16,1
9/15,Colorado State,1973,LaVell Edwards,5-6,5,6,0,Western Athletic,4.0,0,13,21,0
9/29,Oregon State,1973,LaVell Edwards,5-6,5,6,0,Western Athletic,4.0,1,37,14,0
10/6,Utah State,1973,LaVell Edwards,5-6,5,6,0,Western Athletic,4.0,0,7,13,1
10/13,Iowa State,1973,LaVell Edwards,5-6,5,6,0,Western Athletic,4.0,0,24,26,0
10/20,Arizona State,1973,LaVell Edwards,5-6,5,6,0,Western Athletic,4.0,0,12,52,1
10/27,Wyoming,1973,LaVell Edwards,5-6,5,6,0,Western Athletic,4.0,0,21,41,1
11/3,New Mexico,1973,LaVell Edwards,5-6,5,6,0,Western Athletic,4.0,1,56,21,0
11/10,Arizona,1973,LaVell Edwards,5-6,5,6,0,Western Athletic,4.0,0,10,24,0
11/17,Weber State,1973,LaVell Edwards,5-6,5,6,0,Western Athletic,4.0,1,45,14,0
11/24,Utah,1973,LaVell Edwards,5-6,5,6,0,Western Athletic,4.0,1,46,22,1
12/1,UTEP,1973,LaVell Edwards,5-6,5,6,0,Western Athletic,4.0,1,63,0,1
9/16,Kansas State,1972,LaVell Edwards,7-4,7,4,0,Western Athletic,2.0,1,32,9,0
9/23,Utah State,1972,LaVell Edwards,7-4,7,4,0,Western Athletic,2.0,0,19,42,0
9/30,Oregon State,1972,LaVell Edwards,7-4,7,4,0,Western Athletic,2.0,0,3,29,1
10/7,Long Beach St,1972,LaVell Edwards,7-4,7,4,0,Western Athletic,2.0,1,38,27,1
10/14,UTEP,1972,LaVell Edwards,7-4,7,4,0,Western Athletic,2.0,1,21,14,0
10/21,Arizona State,1972,LaVell Edwards,7-4,7,4,0,Western Athletic,2.0,0,17,49,0
10/28,Colorado State,1972,LaVell Edwards,7-4,7,4,0,Western Athletic,2.0,1,44,8,1
11/4,Wyoming,1972,LaVell Edwards,7-4,7,4,0,Western Athletic,2.0,1,33,14,0
11/11,Arizona,1972,LaVell Edwards,7-4,7,4,0,Western Athletic,2.0,0,7,21,1
11/18,Utah,1972,LaVell Edwards,7-4,7,4,0,Western Athletic,2.0,1,16,7,1
11/25,New Mexico,1972,LaVell Edwards,7-4,7,4,0,Western Athletic,2.0,1,21,7,1
9/10,North Texas St,1971,Tom Hudspeth,5-6,5,6,0,Western Athletic,4.0,1,41,13,1
9/18,Colorado State,1971,Tom Hudspeth,5-6,5,6,0,Western Athletic,4.0,1,54,14,0
9/25,Kansas State,1971,Tom Hudspeth,5-6,5,6,0,Western Athletic,4.0,0,7,23,1
10/1,New Mexico,1971,Tom Hudspeth,5-6,5,6,0,Western Athletic,4.0,0,0,14,0
10/9,Utah State,1971,Tom Hudspeth,5-6,5,6,0,Western Athletic,4.0,0,7,29,1
10/16,Wyoming,1971,Tom Hudspeth,5-6,5,6,0,Western Athletic,4.0,1,35,17,1
10/23,Tulsa,1971,Tom Hudspeth,5-6,5,6,0,Western Athletic,4.0,1,25,7,1
10/30,UTEP,1971,Tom Hudspeth,5-6,5,6,0,Western Athletic,4.0,1,16,0,1
11/6,Arizona State,1971,Tom Hudspeth,5-6,5,6,0,Western Athletic,4.0,0,13,38,1
11/13,Arizona,1971,Tom Hudspeth,5-6,5,6,0,Western Athletic,4.0,0,14,27,0
11/20,Utah,1971,Tom Hudspeth,5-6,5,6,0,Western Athletic,4.0,0,15,17,0
9/12,North Texas State,1970,Tom Hudspeth,3-8,3,8,0,Western Athletic,7.0,1,10,7,0
9/19,W Michigan,1970,Tom Hudspeth,3-8,3,8,0,Western Athletic,7.0,0,17,35,1
9/26,UTEP,1970,Tom Hudspeth,3-8,3,8,0,Western Athletic,7.0,0,0,17,0
10/3,San Diego State,1970,Tom Hudspeth,3-8,3,8,0,Western Athletic,7.0,0,11,31,1
10/10,Arizona,1970,Tom Hudspeth,3-8,3,8,0,Western Athletic,7.0,0,17,24,1
10/17,Arizona State,1970,Tom Hudspeth,3-8,3,8,0,Western Athletic,7.0,0,3,27,0
10/24,Utah State,1970,Tom Hudspeth,3-8,3,8,0,Western Athletic,7.0,1,27,20,0
10/31,Wyoming,1970,Tom Hudspeth,3-8,3,8,0,Western Athletic,7.0,1,23,3,0
11/7,Colorado State,1970,Tom Hudspeth,3-8,3,8,0,Western Athletic,7.0,0,9,26,1
11/14,New Mexico,1970,Tom Hudspeth,3-8,3,8,0,Western Athletic,7.0,0,8,51,1
11/21,Utah,1970,Tom Hudspeth,3-8,3,8,0,Western Athletic,7.0,0,13,14,1
9/20,Colorado State,1969,Tom Hudspeth,6-4,6,4,0,Western Athletic,3.0,1,22,20,0
9/27,Iowa State,1969,Tom Hudspeth,6-4,6,4,0,Western Athletic,3.0,0,0,10,1
10/4,Arizona State,1969,Tom Hudspeth,6-4,6,4,0,Western Athletic,3.0,0,7,23,1
10/11,New Mexico,1969,Tom Hudspeth,6-4,6,4,0,Western Athletic,3.0,1,41,15,0
10/18,Wyoming,1969,Tom Hudspeth,6-4,6,4,0,Western Athletic,3.0,0,7,40,1
10/25,UTEP,1969,Tom Hudspeth,6-4,6,4,0,Western Athletic,3.0,0,7,30,1
11/1,Arizona,1969,Tom Hudspeth,6-4,6,4,0,Western Athletic,3.0,1,31,21,0
11/8,San Jose State,1969,Tom Hudspeth,6-4,6,4,0,Western Athletic,3.0,1,21,3,0
11/15,Utah State,1969,Tom Hudspeth,6-4,6,4,0,Western Athletic,3.0,1,21,3,1
11/22,Utah,1969,Tom Hudspeth,6-4,6,4,0,Western Athletic,3.0,0,6,16,0
9/21,W Michigan,1968,Tom Hudspeth,2-8,2,8,0,Western Athletic,7.0,1,17,7,1
9/28,Iowa State,1968,Tom Hudspeth,2-8,2,8,0,Western Athletic,7.0,0,20,28,0
10/12,Wyoming,1968,Tom Hudspeth,2-8,2,8,0,Western Athletic,7.0,0,17,20,0
10/19,Arizona,1968,Tom Hudspeth,2-8,2,8,0,Western Athletic,7.0,0,3,19,1
10/26,UTEP,1968,Tom Hudspeth,2-8,2,8,0,Western Athletic,7.0,0,25,31,0
11/2,Utah,1968,Tom Hudspeth,2-8,2,8,0,Western Athletic,7.0,0,20,31,1
11/9,Utah State,1968,Tom Hudspeth,2-8,2,8,0,Western Athletic,7.0,0,8,34,0
11/16,Arizona State,1968,Tom Hudspeth,2-8,2,8,0,Western Athletic,7.0,0,12,47,0
11/23,New Mexico,1968,Tom Hudspeth,2-8,2,8,0,Western Athletic,7.0,1,35,6,1
11/30,San Jose State,1968,Tom Hudspeth,2-8,2,8,0,Western Athletic,7.0,0,21,25,1
9/23,New Mexico,1967,Tom Hudspeth,6-4,6,4,0,Western Athletic,3.0,1,44,14,0
9/29,Western Michigan,1967,Tom Hudspeth,6-4,6,4,0,Western Athletic,3.0,1,44,19,0
10/7,Wyoming,1967,Tom Hudspeth,6-4,6,4,0,Western Athletic,3.0,0,10,26,1
10/14,Oregon State,1967,Tom Hudspeth,6-4,6,4,0,Western Athletic,3.0,1,31,13,1
10/21,UTEP,1967,Tom Hudspeth,6-4,6,4,0,Western Athletic,3.0,0,17,47,1
10/28,Utah,1967,Tom Hudspeth,6-4,6,4,0,Western Athletic,3.0,1,17,13,0
11/4,Utah State,1967,Tom Hudspeth,6-4,6,4,0,Western Athletic,3.0,0,9,30,1
11/11,Arizona,1967,Tom Hudspeth,6-4,6,4,0,Western Athletic,3.0,1,17,14,0
11/18,Arizona State,1967,Tom Hudspeth,6-4,6,4,0,Western Athletic,3.0,0,22,31,1
11/25,San Jose State,1967,Tom Hudspeth,6-4,6,4,0,Western Athletic,3.0,1,67,8,0
9/24,San Jose State,1966,Tom Hudspeth,8-2,8,2,0,Western Athletic,2.0,1,19,9,1
9/30,Colorado State,1966,Tom Hudspeth,8-2,8,2,0,Western Athletic,2.0,1,27,24,0
10/8,Utah State,1966,Tom Hudspeth,8-2,8,2,0,Western Athletic,2.0,1,27,7,0
10/14,Arizona State,1966,Tom Hudspeth,8-2,8,2,0,Western Athletic,2.0,0,7,10,0
10/22,New Mexico,1966,Tom Hudspeth,8-2,8,2,0,Western Athletic,2.0,1,33,6,1
10/29,Arizona,1966,Tom Hudspeth,8-2,8,2,0,Western Athletic,2.0,1,16,14,1
11/5,Texas El-Paso,1966,Tom Hudspeth,8-2,8,2,0,Western Athletic,2.0,1,53,33,0
11/12,Utah,1966,Tom Hudspeth,8-2,8,2,0,Western Athletic,2.0,1,35,13,1
11/19,Wyoming,1966,Tom Hudspeth,8-2,8,2,0,Western Athletic,2.0,0,14,47,0
11/26,Pacific,1966,Tom Hudspeth,8-2,8,2,0,Western Athletic,2.0,1,38,0,0
9/18,Arizona State,1965,Tom Hudspeth,6-4,6,4,0,Western Athletic,1.0,1,24,6,1
9/24,Kansas State,1965,Tom Hudspeth,6-4,6,4,0,Western Athletic,1.0,1,21,3,0
10/2,Oregon,1965,Tom Hudspeth,6-4,6,4,0,Western Athletic,1.0,0,14,27,1
10/8,San Jose State,1965,Tom Hudspeth,6-4,6,4,0,Western Athletic,1.0,1,34,7,0
10/23,Wyoming,1965,Tom Hudspeth,6-4,6,4,0,Western Athletic,1.0,0,6,34,1
10/30,Utah State,1965,Tom Hudspeth,6-4,6,4,0,Western Athletic,1.0,0,21,34,1
11/6,Utah,1965,Tom Hudspeth,6-4,6,4,0,Western Athletic,1.0,1,25,20,0
11/13,Colorado State,1965,Tom Hudspeth,6-4,6,4,0,Western Athletic,1.0,0,22,36,0
11/20,Arizona,1965,Tom Hudspeth,6-4,6,4,0,Western Athletic,1.0,1,20,3,1
11/27,New Mexico,1965,Tom Hudspeth,6-4,6,4,0,Western Athletic,1.0,1,42,8,1
9/19,Oregon,1964,Tom Hudspeth,3-6-1,3,6,1,Western Athletic,5.0,0,13,20,1
9/26,Arizona,1964,Tom Hudspeth,3-6-1,3,6,1,Western Athletic,5.0,0,6,39,1
10/2,New Mexico,1964,Tom Hudspeth,3-6-1,3,6,1,Western Athletic,5.0,0,14,26,0
10/10,Colorado State,1964,Tom Hudspeth,3-6-1,3,6,1,Western Athletic,5.0,0,6,7,1
10/17,Pacific,1964,Tom Hudspeth,3-6-1,3,6,1,Western Athletic,5.0,1,21,0,0
10/24,Texas El-Paso,1964,Tom Hudspeth,3-6-1,3,6,1,Western Athletic,5.0,0,18,18,1
10/31,Utah State,1964,Tom Hudspeth,3-6-1,3,6,1,Western Athletic,5.0,1,28,14,0
11/7,Utah,1964,Tom Hudspeth,3-6-1,3,6,1,Western Athletic,5.0,0,13,47,1
11/14,Western Michigan,1964,Tom Hudspeth,3-6-1,3,6,1,Western Athletic,5.0,1,43,8,0
11/21,Wyoming,1964,Tom Hudspeth,3-6-1,3,6,1,Western Athletic,5.0,0,11,31,0
9/21,Kansas State,1963,Hal Mitchell,2-8,2,8,0,Western Athletic,5.0,0,7,24,1
9/28,Arizona,1963,Hal Mitchell,2-8,2,8,0,Western Athletic,5.0,0,7,33,1
10/5,Montana,1963,Hal Mitchell,2-8,2,8,0,Western Athletic,5.0,1,27,0,0
10/12,Utah,1963,Hal Mitchell,2-8,2,8,0,Western Athletic,5.0,0,6,15,1
10/19,Wyoming,1963,Hal Mitchell,2-8,2,8,0,Western Athletic,5.0,0,13,41,1
11/2,Utah State,1963,Hal Mitchell,2-8,2,8,0,Western Athletic,5.0,0,0,26,0
11/9,George Wash,1963,Hal Mitchell,2-8,2,8,0,Western Athletic,5.0,0,6,23,1
11/16,Pacigic,1963,Hal Mitchell,2-8,2,8,0,Western Athletic,5.0,0,0,14,1
11/23,Colorado State,1963,Hal Mitchell,2-8,2,8,0,Western Athletic,5.0,1,24,20,0
11/30,New Mexico,1963,Hal Mitchell,2-8,2,8,0,Western Athletic,5.0,0,0,26,1
9/15,Pacific,1962,Hal Mitchell,4-6,4,6,0,Western Athletic,2.0,0,7,26,1
9/22,Arizona,1962,Hal Mitchell,4-6,4,6,0,Western Athletic,2.0,0,21,27,1
9/29,George Wash,1962,Hal Mitchell,4-6,4,6,0,Western Athletic,2.0,0,12,13,0
10/6,Colorado State,1962,Hal Mitchell,4-6,4,6,0,Western Athletic,2.0,1,28,7,1
10/13,Utah,1962,Hal Mitchell,4-6,4,6,0,Western Athletic,2.0,0,20,35,1
10/20,Montana,1962,Hal Mitchell,4-6,4,6,0,Western Athletic,2.0,1,27,0,1
10/27,Utah State,1962,Hal Mitchell,4-6,4,6,0,Western Athletic,2.0,0,21,27,1
11/3,New Mexico,1962,Hal Mitchell,4-6,4,6,0,Western Athletic,2.0,1,27,0,0
11/10,W Michigan,1962,Hal Mitchell,4-6,4,6,0,Western Athletic,2.0,0,20,28,1
11/17,Wyoming,1962,Hal Mitchell,4-6,4,6,0,Western Athletic,2.0,1,14,7,0
9/16,San Jose State,1961,Hal Mitchell,2-8,2,8,0,Skyline,5.0,0,13,14,0
9/23,West Texas St,1961,Hal Mitchell,2-8,2,8,0,Skyline,5.0,0,9,55,1
9/30,North Texas St,1961,Hal Mitchell,2-8,2,8,0,Skyline,5.0,0,30,41,1
10/7,Montana,1961,Hal Mitchell,2-8,2,8,0,Skyline,5.0,1,7,6,0
10/14,Utah,1961,Hal Mitchell,2-8,2,8,0,Skyline,5.0,0,20,21,1
10/21,Wyoming,1961,Hal Mitchell,2-8,2,8,0,Skyline,5.0,0,8,36,1
11/4,Utah State,1961,Hal Mitchell,2-8,2,8,0,Skyline,5.0,0,8,31,0
11/11,Colorado State,1961,Hal Mitchell,2-8,2,8,0,Skyline,5.0,1,30,16,0
11/18,Oregon State,1961,Hal Mitchell,2-8,2,8,0,Skyline,5.0,0,0,35,1
11/25,New Mexico,1961,Hal Mitchell,2-8,2,8,0,Skyline,5.0,0,6,34,1
9/16,Cal Poly,1960,Tally Stevens,3-8,3,8,0,Skyline,5.0,1,34,14,0
9/23,San Jose State,1960,Tally Stevens,3-8,3,8,0,Skyline,5.0,0,8,21,1
10/1,Colorado State,1960,Tally Stevens,3-8,3,8,0,Skyline,5.0,0,7,8,1
10/7,Utah,1960,Tally Stevens,3-8,3,8,0,Skyline,5.0,0,0,17,1
10/15,Arizona State,1960,Tally Stevens,3-8,3,8,0,Skyline,5.0,0,0,31,0
10/22,Montana,1960,Tally Stevens,3-8,3,8,0,Skyline,5.0,1,7,6,1
10/29,Utah State,1960,Tally Stevens,3-8,3,8,0,Skyline,5.0,0,0,34,1
11/5,New Mexico,1960,Tally Stevens,3-8,3,8,0,Skyline,5.0,0,15,27,0
11/12,Denver,1960,Tally Stevens,3-8,3,8,0,Skyline,5.0,1,19,6,1
11/19,Wyoming,1960,Tally Stevens,3-8,3,8,0,Skyline,5.0,0,6,30,0
11/25,Hawaii,1960,Tally Stevens,3-8,3,8,0,Skyline,5.0,0,6,13,1
9/19,Arizona,1959,Tally Stevens,2-8,2,8,0,Skyline,5.0,1,18,14,1
9/26,Fresno State,1959,Tally Stevens,2-8,2,8,0,Skyline,5.0,0,16,27,1
10/3,Montana,1959,Tally Stevens,2-8,2,8,0,Skyline,5.0,0,0,12,0
10/9,Utah,1959,Tally Stevens,2-8,2,8,0,Skyline,5.0,0,8,20,1
10/17,Wyoming,1959,Tally Stevens,2-8,2,8,0,Skyline,5.0,0,6,21,1
10/24,Denver,1959,Tally Stevens,2-8,2,8,0,Skyline,5.0,0,7,14,0
10/31,Utah State,1959,Tally Stevens,2-8,2,8,0,Skyline,5.0,1,18,0,0
11/7,New Mexico,1959,Tally Stevens,2-8,2,8,0,Skyline,5.0,0,6,21,1
11/14,Arizona State,1959,Tally Stevens,2-8,2,8,0,Skyline,5.0,0,8,21,1
11/21,Colorado State,1959,Tally Stevens,2-8,2,8,0,Skyline,5.0,0,13,14,0
9/20,Fresno State,1958,Hal Kopp,6-4,6,4,0,Mountain States,3.0,1,29,7,0
9/27,Utah,1958,Hal Kopp,6-4,6,4,0,Mountain States,3.0,1,14,7,1
10/4,Colorado State,1958,Hal Kopp,6-4,6,4,0,Mountain States,3.0,0,6,32,1
10/11,Pacific,1958,Hal Kopp,6-4,6,4,0,Mountain States,3.0,0,8,26,1
10/18,North Texas State,1958,Hal Kopp,6-4,6,4,0,Mountain States,3.0,0,6,12,0
10/25,Montana,1958,Hal Kopp,6-4,6,4,0,Mountain States,3.0,1,41,12,1
11/1,Uah State,1958,Hal Kopp,6-4,6,4,0,Mountain States,3.0,1,13,6,1
11/8,New Mexico,1958,Hal Kopp,6-4,6,4,0,Mountain States,3.0,1,36,19,0
11/15,Denver,1958,Hal Kopp,6-4,6,4,0,Mountain States,3.0,1,22,7,1
11/22,Wyoming,1958,Hal Kopp,6-4,6,4,0,Mountain States,3.0,0,14,22,0
9/21,Arizona,1957,Hal Kopp,5-3-2,5,3,2,Mountain States,2.0,0,14,14,1
9/28,Kansas State,1957,Hal Kopp,5-3-2,5,3,2,Mountain States,2.0,0,7,36,1
10/4,Montana,1957,Hal Kopp,5-3-2,5,3,2,Mountain States,2.0,1,20,7,0
10/12,Utah,1957,Hal Kopp,5-3-2,5,3,2,Mountain States,2.0,0,0,27,1
10/19,Woming,1957,Hal Kopp,5-3-2,5,3,2,Mountain States,2.0,0,0,0,1
10/26,Denver,1957,Hal Kopp,5-3-2,5,3,2,Mountain States,2.0,1,26,6,0
11/2,Utah State,1957,Hal Kopp,5-3-2,5,3,2,Mountain States,2.0,1,14,0,0
11/9,Fresno State,1957,Hal Kopp,5-3-2,5,3,2,Mountain States,2.0,0,14,27,1
11/23,Colorado State,1957,Hal Kopp,5-3-2,5,3,2,Mountain States,2.0,1,26,9,0
11/30,New Mexico,1957,Hal Kopp,5-3-2,5,3,2,Mountain States,2.0,1,14,12,1
9/15,Wichita State,1956,Hal Kopp,2-7-1,2,7,1,Mountain States,7.0,0,0,13,1
9/22,Fresno State,1956,Hal Kopp,2-7-1,2,7,1,Mountain States,7.0,0,13,26,0
9/29,Colorado A&M,1956,Hal Kopp,2-7-1,2,7,1,Mountain States,7.0,0,0,0,1
10/5,Utah,1956,Hal Kopp,2-7-1,2,7,1,Mountain States,7.0,0,6,41,0
10/20,Montana,1956,Hal Kopp,2-7-1,2,7,1,Mountain States,7.0,0,14,21,1
10/27,Utah State,1956,Hal Kopp,2-7-1,2,7,1,Mountain States,7.0,0,7,33,1
11/3,New Mexico,1956,Hal Kopp,2-7-1,2,7,1,Mountain States,7.0,1,33,12,0
11/10,Denver,1956,Hal Kopp,2-7-1,2,7,1,Mountain States,7.0,0,34,58,1
11/17,Wyoming,1956,Hal Kopp,2-7-1,2,7,1,Mountain States,7.0,0,6,7,0
11/24,Air Force,1956,Hal Kopp,2-7-1,2,7,1,Mountain States,7.0,1,34,21,1
9/17,Oregon State,1955,Chick Atkinson,1-9,1,9,0,Mountain States,8.0,0,0,33,1
9/24,Los Angeles State,1955,Chick Atkinson,1-9,1,9,0,Mountain States,8.0,1,33,0,0
10/1,Montana,1955,Chick Atkinson,1-9,1,9,0,Mountain States,8.0,0,13,27,1
10/8,Utah,1955,Chick Atkinson,1-9,1,9,0,Mountain States,8.0,0,9,41,1
10/21,Denver,1955,Chick Atkinson,1-9,1,9,0,Mountain States,8.0,0,0,33,1
10/29,Woming,1955,Chick Atkinson,1-9,1,9,0,Mountain States,8.0,0,6,14,1
11/5,Utah State,1955,Chick Atkinson,1-9,1,9,0,Mountain States,8.0,0,21,47,0
11/11,Idaho,1955,Chick Atkinson,1-9,1,9,0,Mountain States,8.0,0,6,49,0
11/19,Colorado A&M,1955,Chick Atkinson,1-9,1,9,0,Mountain States,8.0,0,0,35,0
11/26,New Mexico,1955,Chick Atkinson,1-9,1,9,0,Mountain States,8.0,0,16,21,1
9/18,New Mexico,1954,Chick Atkinson,1-8,1,8,0,Mountain States,8.0,0,12,21,0
9/24,Arizona State,1954,Chick Atkinson,1-8,1,8,0,Mountain States,8.0,0,19,28,0
10/2,Colorado A&M,1954,Chick Atkinson,1-8,1,8,0,Mountain States,8.0,0,13,14,1
10/9,Utah,1954,Chick Atkinson,1-8,1,8,0,Mountain States,8.0,0,7,12,0
10/23,Montana,1954,Chick Atkinson,1-8,1,8,0,Mountain States,8.0,1,19,7,0
10/30,Utah State,1954,Chick Atkinson,1-8,1,8,0,Mountain States,8.0,0,13,45,1
11/6,Denver,1954,Chick Atkinson,1-8,1,8,0,Mountain States,8.0,0,0,20,0
11/13,Wyoming,1954,Chick Atkinson,1-8,1,8,0,Mountain States,8.0,0,13,34,0
11/20,Idaho,1954,Chick Atkinson,1-8,1,8,0,Mountain States,8.0,0,0,7,1
9/19,Montana,1953,Chick Atkinson,2-7-1,2,7,1,Mountain States,7.0,1,27,13,0
9/25,San Jose State,1953,Chick Atkinson,2-7-1,2,7,1,Mountain States,7.0,0,23,28,0
10/3,New Mexico,1953,Chick Atkinson,2-7-1,2,7,1,Mountain States,7.0,0,12,12,1
10/10,Idaho,1953,Chick Atkinson,2-7-1,2,7,1,Mountain States,7.0,1,20,14,1
10/16,Utah State,1953,Chick Atkinson,2-7-1,2,7,1,Mountain States,7.0,0,7,14,0
10/23,Denver,1953,Chick Atkinson,2-7-1,2,7,1,Mountain States,7.0,0,19,27,1
10/31,Wyoming,1953,Chick Atkinson,2-7-1,2,7,1,Mountain States,7.0,0,0,27,1
11/7,Colorado A&M,1953,Chick Atkinson,2-7-1,2,7,1,Mountain States,7.0,0,12,34,0
11/14,Arizona State,1953,Chick Atkinson,2-7-1,2,7,1,Mountain States,7.0,0,18,26,1
11/26,Utah,1953,Chick Atkinson,2-7-1,2,7,1,Mountain States,7.0,0,32,33,1
9/19,San Diego NAS,1952,Chick Atkinson,4-6,4,6,0,Mountain States,5.0,1,14,7,0
9/27,New Mexico,1952,Chick Atkinson,4-6,4,6,0,Mountain States,5.0,1,14,10,0
10/4,Montana,1952,Chick Atkinson,4-6,4,6,0,Mountain States,5.0,1,28,7,1
10/11,Utah,1952,Chick Atkinson,4-6,4,6,0,Mountain States,5.0,0,6,34,1
10/25,Denver,1952,Chick Atkinson,4-6,4,6,0,Mountain States,5.0,1,14,13,0
11/1,Wyoming,1952,Chick Atkinson,4-6,4,6,0,Mountain States,5.0,0,13,24,0
11/8,San Jose State,1952,Chick Atkinson,4-6,4,6,0,Mountain States,5.0,0,27,44,1
11/15,Utah State,1952,Chick Atkinson,4-6,4,6,0,Mountain States,5.0,0,26,27,1
11/22,Colorado A&M,1952,Chick Atkinson,4-6,4,6,0,Mountain States,5.0,0,6,27,1
11/29,Arizona State,1952,Chick Atkinson,4-6,4,6,0,Mountain States,5.0,0,6,47,1
9/14,Idaho State,1951,Chick Atkinson,6-3-1,6,3,1,Mountain States,5.0,1,27,7,0
9/22,Western State,1951,Chick Atkinson,6-3-1,6,3,1,Mountain States,5.0,1,67,7,0
9/29,Hawaii,1951,Chick Atkinson,6-3-1,6,3,1,Mountain States,5.0,1,20,7,0
10/6,Utah,1951,Chick Atkinson,6-3-1,6,3,1,Mountain States,5.0,0,6,7,1
10/20,Wyoming,1951,Chick Atkinson,6-3-1,6,3,1,Mountain States,5.0,0,20,20,0
10/27,Denver,1951,Chick Atkinson,6-3-1,6,3,1,Mountain States,5.0,0,6,56,1
11/3,Colorado A&M,1951,Chick Atkinson,6-3-1,6,3,1,Mountain States,5.0,1,21,16,0
11/10,Utah State,1951,Chick Atkinson,6-3-1,6,3,1,Mountain States,5.0,1,28,27,0
11/17,New Mexico,1951,Chick Atkinson,6-3-1,6,3,1,Mountain States,5.0,0,0,34,1
11/24,Pepperdine,1951,Chick Atkinson,6-3-1,6,3,1,Mountain States,5.0,1,20,0,1
9/16,Idaho State,1950,Chick Atkinson,4-5-1,4,5,1,Mountain States,5.0,1,14,13,1
9/23,Arizona State,1950,Chick Atkinson,4-5-1,4,5,1,Mountain States,5.0,0,13,41,0
9/29,Pepperdine,1950,Chick Atkinson,4-5-1,4,5,1,Mountain States,5.0,1,28,27,0
10/7,Utah,1950,Chick Atkinson,4-5-1,4,5,1,Mountain States,5.0,0,28,28,0
10/14,Colorado A&M,1950,Chick Atkinson,4-5-1,4,5,1,Mountain States,5.0,0,14,27,1
10/21,Denver,1950,Chick Atkinson,4-5-1,4,5,1,Mountain States,5.0,0,3,42,1
11/4,Utah State,1950,Chick Atkinson,4-5-1,4,5,1,Mountain States,5.0,1,34,13,1
11/11,Wyoming,1950,Chick Atkinson,4-5-1,4,5,1,Mountain States,5.0,0,0,48,0
11/17,Montana,1950,Chick Atkinson,4-5-1,4,5,1,Mountain States,5.0,1,25,6,1
11/25,Fort Hood,1950,Chick Atkinson,4-5-1,4,5,1,Mountain States,5.0,1,28,4,0
9/17,Texas Western,1949,Chick Atkinson,0-11,0,11,0,Mountain States,6.0,0,6,27,0
9/23,Pacific Fleet,1949,Chick Atkinson,0-11,0,11,0,Mountain States,6.0,0,13,27,0
10/1,San Jose State,1949,Chick Atkinson,0-11,0,11,0,Mountain States,6.0,0,21,40,0
10/8,Utah,1949,Chick Atkinson,0-11,0,11,0,Mountain States,6.0,0,0,38,1
10/15,Arizona State,1949,Chick Atkinson,0-11,0,11,0,Mountain States,6.0,0,21,49,1
10/22,Denver,1949,Chick Atkinson,0-11,0,11,0,Mountain States,6.0,0,7,35,1
10/29,Wyoming,1949,Chick Atkinson,0-11,0,11,0,Mountain States,6.0,0,0,45,1
11/5,Utah State,1949,Chick Atkinson,0-11,0,11,0,Mountain States,6.0,0,3,22,0
11/11,Colorado A&M,1949,Chick Atkinson,0-11,0,11,0,Mountain States,6.0,0,14,16,0
11/19,Montana,1949,Chick Atkinson,0-11,0,11,0,Mountain States,6.0,0,6,25,1
11/26,Pepperdine,1949,Chick Atkinson,0-11,0,11,0,Mountain States,6.0,0,14,28,1
9/18,San Diego State,1948,Eddie Kimball,5-6,5,6,0,Mountain States,5.0,1,14,6,0
9/24,Pepperdine,1948,Eddie Kimball,5-6,5,6,0,Mountain States,5.0,1,13,0,0
10/1,Pacific Fleet,1948,Eddie Kimball,5-6,5,6,0,Mountain States,5.0,0,7,9,0
10/9,Utah,1948,Eddie Kimball,5-6,5,6,0,Mountain States,5.0,0,0,30,0
10/15,Texas El-Paso,1948,Eddie Kimball,5-6,5,6,0,Mountain States,5.0,0,20,34,1
10/23,Utah State,1948,Eddie Kimball,5-6,5,6,0,Mountain States,5.0,0,7,20,1
10/30,Montana,1948,Eddie Kimball,5-6,5,6,0,Mountain States,5.0,1,26,20,0
11/5,San Jose State,1948,Eddie Kimball,5-6,5,6,0,Mountain States,5.0,0,6,21,1
11/13,Colorado A&M,1948,Eddie Kimball,5-6,5,6,0,Mountain States,5.0,0,0,20,1
11/20,Wyoming,1948,Eddie Kimball,5-6,5,6,0,Mountain States,5.0,1,15,14,0
11/26,Arizona State,1948,Eddie Kimball,5-6,5,6,0,Mountain States,5.0,1,27,25,1
9/20,Western State,1947,Eddie Kimball,3-7,3,7,0,Mountain States,7.0,1,45,0,0
9/26,Montana State,1947,Eddie Kimball,3-7,3,7,0,Mountain States,7.0,1,19,14,0
10/4,Wyoming,1947,Eddie Kimball,3-7,3,7,0,Mountain States,7.0,0,7,12,1
10/11,Utah,1947,Eddie Kimball,3-7,3,7,0,Mountain States,7.0,0,6,28,1
10/18,Colorado,1947,Eddie Kimball,3-7,3,7,0,Mountain States,7.0,0,7,9,1
10/25,Utah State,1947,Eddie Kimball,3-7,3,7,0,Mountain States,7.0,1,27,12,0
11/1,Denver,1947,Eddie Kimball,3-7,3,7,0,Mountain States,7.0,0,6,20,1
11/8,San Jose State,1947,Eddie Kimball,3-7,3,7,0,Mountain States,7.0,0,19,28,0
11/15,Colorado A&M,1947,Eddie Kimball,3-7,3,7,0,Mountain States,7.0,0,25,27,0
11/22,San Diego St,1947,Eddie Kimball,3-7,3,7,0,Mountain States,7.0,0,7,32,1
9/21,Western State,1946,Eddie Kimball,5-4-1,5,4,1,Mountain States,4.0,1,13,2,0
9/28,Montana State,1946,Eddie Kimball,5-4-1,5,4,1,Mountain States,4.0,0,12,13,1
10/4,Denver,1946,Eddie Kimball,5-4-1,5,4,1,Mountain States,4.0,0,13,26,1
10/12,Utah,1946,Eddie Kimball,5-4-1,5,4,1,Mountain States,4.0,0,6,35,0
10/19,Denver,1946,Eddie Kimball,5-4-1,5,4,1,Mountain States,4.0,1,10,7,0
10/25,San Jose St,1946,Eddie Kimball,5-4-1,5,4,1,Mountain States,4.0,0,0,14,1
11/2,Wyoming,1946,Eddie Kimball,5-4-1,5,4,1,Mountain States,4.0,1,6,3,0
11/9,Utah State,1946,Eddie Kimball,5-4-1,5,4,1,Mountain States,4.0,0,0,0,1
11/16,Colorado A&M,1946,Eddie Kimball,5-4-1,5,4,1,Mountain States,4.0,1,20,6,1
11/22,Texas El-Paso,1946,Eddie Kimball,5-4-1,5,4,1,Mountain States,4.0,1,14,13,1
9/26,Montana,1942,Floyd Millet,2-5,2,5,0,Mountain States,6.0,1,12,6,1
10/2,Wyoming,1942,Floyd Millet,2-5,2,5,0,Mountain States,6.0,0,6,13,0
10/10,Utah,1942,Floyd Millet,2-5,2,5,0,Mountain States,6.0,1,12,7,1
10/16,Fort Douglas,1942,Floyd Millet,2-5,2,5,0,Mountain States,6.0,0,13,24,0
10/31,Utah State,1942,Floyd Millet,2-5,2,5,0,Mountain States,6.0,0,6,9,0
11/7,Denver,1942,Floyd Millet,2-5,2,5,0,Mountain States,6.0,0,6,26,0
11/14,Colorado,1942,Floyd Millet,2-5,2,5,0,Mountain States,6.0,1,48,0,1
9/26,Montana St,1941,Eddie Kimball,4-3-2,4,3,2,Mountain States,2.0,0,7,20,0
10/3,Western State,1941,Eddie Kimball,4-3-2,4,3,2,Mountain States,2.0,1,26,0,0
10/10,Denver,1941,Eddie Kimball,4-3-2,4,3,2,Mountain States,2.0,1,13,7,1
10/18,Utah,1941,Eddie Kimball,4-3-2,4,3,2,Mountain States,2.0,0,6,6,1
10/24,San Francisco,1941,Eddie Kimball,4-3-2,4,3,2,Mountain States,2.0,0,13,25,1
11/1,Utah State,1941,Eddie Kimball,4-3-2,4,3,2,Mountain States,2.0,1,28,0,1
11/8,Wyoming,1941,Eddie Kimball,4-3-2,4,3,2,Mountain States,2.0,1,23,7,1
11/15,Colorado,1941,Eddie Kimball,4-3-2,4,3,2,Mountain States,2.0,0,13,13,0
11/22,Colorado A&M,1941,Eddie Kimball,4-3-2,4,3,2,Mountain States,2.0,0,7,22,0
9/27,Nevada,1940,Eddie Kimball,2-4-2,2,4,2,Mountain States,4.0,0,6,6,0
10/5,Utah,1940,Eddie Kimball,2-4-2,2,4,2,Mountain States,4.0,0,6,12,1
10/11,Wyoming,1940,Eddie Kimball,2-4-2,2,4,2,Mountain States,4.0,1,20,0,0
10/18,Texas Tech,1940,Eddie Kimball,2-4-2,2,4,2,Mountain States,4.0,0,12,21,1
11/2,Utah State,1940,Eddie Kimball,2-4-2,2,4,2,Mountain States,4.0,1,12,7,0
11/9,Denver,1940,Eddie Kimball,2-4-2,2,4,2,Mountain States,4.0,0,0,9,0
11/16,Colorado,1940,Eddie Kimball,2-4-2,2,4,2,Mountain States,4.0,0,2,25,1
11/23,Colo A&M,1940,Eddie Kimball,2-4-2,2,4,2,Mountain States,4.0,0,13,13,1
9/23,Northern Ariz,1939,Eddie Kimball,5-2-2,5,2,2,Mountain States,4.0,1,25,0,1
10/7,Colorado A&M,1939,Eddie Kimball,5-2-2,5,2,2,Mountain States,4.0,1,13,12,0
10/14,Utah,1939,Eddie Kimball,5-2-2,5,2,2,Mountain States,4.0,0,13,35,0
10/21,Nevada,1939,Eddie Kimball,5-2-2,5,2,2,Mountain States,4.0,1,7,0,1
10/27,Western State,1939,Eddie Kimball,5-2-2,5,2,2,Mountain States,4.0,1,18,6,1
11/4,Denver,1939,Eddie Kimball,5-2-2,5,2,2,Mountain States,4.0,1,21,18,1
11/11,Utah State,1939,Eddie Kimball,5-2-2,5,2,2,Mountain States,4.0,0,0,0,1
11/18,Colorado,1939,Eddie Kimball,5-2-2,5,2,2,Mountain States,4.0,0,6,12,0
11/25,Wyoming,1939,Eddie Kimball,5-2-2,5,2,2,Mountain States,4.0,0,7,7,1
9/24,Northern Arizona,1938,Eddie Kimball,4-3-1,4,3,1,Mountain States,2.0,1,19,0,0
9/30,Denver,1938,Eddie Kimball,4-3-1,4,3,1,Mountain States,2.0,1,20,0,1
10/8,Wyoming,1938,Eddie Kimball,4-3-1,4,3,1,Mountain States,2.0,1,24,13,0
10/15,Utah,1938,Eddie Kimball,4-3-1,4,3,1,Mountain States,2.0,0,7,7,1
10/22,Portland,1938,Eddie Kimball,4-3-1,4,3,1,Mountain States,2.0,0,3,6,0
11/5,Utah State,1938,Eddie Kimball,4-3-1,4,3,1,Mountain States,2.0,0,0,3,0
11/12,Colorado,1938,Eddie Kimball,4-3-1,4,3,1,Mountain States,2.0,0,0,8,1
11/19,Colo A&M,1938,Eddie Kimball,4-3-1,4,3,1,Mountain States,2.0,1,20,12,1
9/25,Colo St Teachers,1937,Eddie Kimball,6-3,6,3,0,Rocky Mountain,2.0,1,7,0,0
10/2,Utah,1937,Eddie Kimball,6-3,6,3,0,Rocky Mountain,2.0,0,0,14,1
10/9,California Davis,1937,Eddie Kimball,6-3,6,3,0,Rocky Mountain,2.0,1,34,0,0
10/16,Colorado,1937,Eddie Kimball,6-3,6,3,0,Rocky Mountain,2.0,0,0,14,1
10/23,Portland,1937,Eddie Kimball,6-3,6,3,0,Rocky Mountain,2.0,0,10,13,1
10/30,Western State,1937,Eddie Kimball,6-3,6,3,0,Rocky Mountain,2.0,1,21,0,0
11/6,Wyoming,1937,Eddie Kimball,6-3,6,3,0,Rocky Mountain,2.0,1,19,0,1
11/13,Utah St,1937,Eddie Kimball,6-3,6,3,0,Rocky Mountain,2.0,1,54,10,1
11/20,Montana State,1937,Eddie Kimball,6-3,6,3,0,Rocky Mountain,2.0,1,19,0,0
9/25,Arizona,1936,G. Ott Romney,4-5,4,5,0,Rocky Mountain,6.0,0,6,32,1
10/3,Montana State,1936,G. Ott Romney,4-5,4,5,0,Rocky Mountain,6.0,1,19,0,0
10/9,Colo Teachers,1936,G. Ott Romney,4-5,4,5,0,Rocky Mountain,6.0,1,33,0,1
10/17,Utah State,1936,G. Ott Romney,4-5,4,5,0,Rocky Mountain,6.0,0,0,13,0
10/31,Utah,1936,G. Ott Romney,4-5,4,5,0,Rocky Mountain,6.0,0,0,18,1
11/7,Western State,1936,G. Ott Romney,4-5,4,5,0,Rocky Mountain,6.0,1,26,12,0
11/14,Denver,1936,G. Ott Romney,4-5,4,5,0,Rocky Mountain,6.0,0,7,35,1
11/21,Wyoming,1936,G. Ott Romney,4-5,4,5,0,Rocky Mountain,6.0,1,32,7,0
11/28,Colo College,1936,G. Ott Romney,4-5,4,5,0,Rocky Mountain,6.0,0,0,6,1
9/28,Montana State,1935,G. Ott Romney,4-4,4,4,0,Rocky Mountain,6.0,0,0,7,1
10/12,Colo St Teachers,1935,G. Ott Romney,4-4,4,4,0,Rocky Mountain,6.0,1,19,3,0
10/19,Colorado College,1935,G. Ott Romney,4-4,4,4,0,Rocky Mountain,6.0,0,12,13,0
10/26,Wyoming,1935,G. Ott Romney,4-4,4,4,0,Rocky Mountain,6.0,1,13,6,1
11/2,Utah,1935,G. Ott Romney,4-4,4,4,0,Rocky Mountain,6.0,0,0,32,0
11/9,Western State,1935,G. Ott Romney,4-4,4,4,0,Rocky Mountain,6.0,1,21,2,1
11/16,Utah State,1935,G. Ott Romney,4-4,4,4,0,Rocky Mountain,6.0,0,0,27,1
11/23,Arizona State,1935,G. Ott Romney,4-4,4,4,0,Rocky Mountain,6.0,1,13,0,1
9/22,Montana State,1934,G. Ott Romney,4-5,4,5,0,Rocky Mountain,7.0,1,20,6,1
9/29,Occidental,1934,G. Ott Romney,4-5,4,5,0,Rocky Mountain,7.0,1,32,7,0
10/6,Wyoming,1934,G. Ott Romney,4-5,4,5,0,Rocky Mountain,7.0,0,0,7,1
10/13,Utah,1934,G. Ott Romney,4-5,4,5,0,Rocky Mountain,7.0,0,0,43,1
10/20,Colorado,1934,G. Ott Romney,4-5,4,5,0,Rocky Mountain,7.0,0,6,48,1
10/26,Montana State,1934,G. Ott Romney,4-5,4,5,0,Rocky Mountain,7.0,1,16,7,0
11/3,Utah State,1934,G. Ott Romney,4-5,4,5,0,Rocky Mountain,7.0,0,0,15,0
11/10,Colo College,1934,G. Ott Romney,4-5,4,5,0,Rocky Mountain,7.0,1,34,0,1
11/17,Denver,1934,G. Ott Romney,4-5,4,5,0,Rocky Mountain,7.0,0,6,24,1
9/23,US Marines,1933,G. Ott Romney,5-4,5,4,0,Rocky Mountain,5.0,0,0,21,1
9/30,Montana State,1933,G. Ott Romney,5-4,5,4,0,Rocky Mountain,5.0,1,25,0,0
10/6,Colo Teachers,1933,G. Ott Romney,5-4,5,4,0,Rocky Mountain,5.0,1,6,2,1
10/14,Utah,1933,G. Ott Romney,5-4,5,4,0,Rocky Mountain,5.0,0,6,21,1
10/21,Western State,1933,G. Ott Romney,5-4,5,4,0,Rocky Mountain,5.0,1,13,0,1
11/4,Denver,1933,G. Ott Romney,5-4,5,4,0,Rocky Mountain,5.0,0,0,6,1
11/11,Colo College,1933,G. Ott Romney,5-4,5,4,0,Rocky Mountain,5.0,1,25,0,1
11/18,Utah State,1933,G. Ott Romney,5-4,5,4,0,Rocky Mountain,5.0,0,0,14,1
11/30,Wyoming,1933,G. Ott Romney,5-4,5,4,0,Rocky Mountain,5.0,1,6,3,0
9/23,Montana State,1932,G. Ott Romney,8-1,8,1,0,Rocky Mountain,2.0,1,6,0,1
10/1,Western State,1932,G. Ott Romney,8-1,8,1,0,Rocky Mountain,2.0,1,28,6,1
10/7,Occidental,1932,G. Ott Romney,8-1,8,1,0,Rocky Mountain,2.0,1,46,0,1
10/15,Utah,1932,G. Ott Romney,8-1,8,1,0,Rocky Mountain,2.0,0,0,29,1
10/22,Colo St Teachers,1932,G. Ott Romney,8-1,8,1,0,Rocky Mountain,2.0,1,20,2,0
10/29,Wyoming,1932,G. Ott Romney,8-1,8,1,0,Rocky Mountain,2.0,1,25,0,1
11/4,Idaho State,1932,G. Ott Romney,8-1,8,1,0,Rocky Mountain,2.0,1,32,0,1
11/19,Utah State,1932,G. Ott Romney,8-1,8,1,0,Rocky Mountain,2.0,1,18,6,0
11/24,South Dakota,1932,G. Ott Romney,8-1,8,1,0,Rocky Mountain,2.0,1,13,7,1
9/18,UAY All-Stars,1931,G. Ott Romney,4-4,4,4,0,Rocky Mountain,7.0,1,7,3,1
9/25,San Francisco,1931,G. Ott Romney,4-4,4,4,0,Rocky Mountain,7.0,0,0,25,1
10/3,Nevada,1931,G. Ott Romney,4-4,4,4,0,Rocky Mountain,7.0,1,18,14,1
10/17,Utah,1931,G. Ott Romney,4-4,4,4,0,Rocky Mountain,7.0,0,0,43,1
10/24,Western State,1931,G. Ott Romney,4-4,4,4,0,Rocky Mountain,7.0,1,31,0,0
10/31,Colo Teachers,1931,G. Ott Romney,4-4,4,4,0,Rocky Mountain,7.0,0,0,6,1
11/7,Utah State,1931,G. Ott Romney,4-4,4,4,0,Rocky Mountain,7.0,1,6,0,1
11/13,Wyoming,1931,G. Ott Romney,4-4,4,4,0,Rocky Mountain,7.0,0,7,13,0
9/27,Wyoming,1930,G. Ott Romney,5-2-4,5,2,4,Rocky Mountai,3.0,1,19,12,0
10/4,Nevada,1930,G. Ott Romney,5-2-4,5,2,4,Rocky Mountai,3.0,0,6,6,0
10/11,Colo Teachers,1930,G. Ott Romney,5-2-4,5,2,4,Rocky Mountai,3.0,0,7,7,1
10/18,Utah,1930,G. Ott Romney,5-2-4,5,2,4,Rocky Mountai,3.0,0,7,24,1
10/25,Western St,1930,G. Ott Romney,5-2-4,5,2,4,Rocky Mountai,3.0,1,25,0,1
11/1,Utah St,1930,G. Ott Romney,5-2-4,5,2,4,Rocky Mountai,3.0,1,39,14,1
11/8,Mt St Charles,1930,G. Ott Romney,5-2-4,5,2,4,Rocky Mountai,3.0,0,13,13,1
11/15,Montana St,1930,G. Ott Romney,5-2-4,5,2,4,Rocky Mountai,3.0,1,19,6,0
11/22,Regis,1930,G. Ott Romney,5-2-4,5,2,4,Rocky Mountai,3.0,1,18,6,1
11/27,College of Idaho,1930,G. Ott Romney,5-2-4,5,2,4,Rocky Mountai,3.0,0,13,13,1
12/10,Hawai'i,1930,G. Ott Romney,5-2-4,5,2,4,Rocky Mountai,3.0,0,13,49,1
9/28,Nevada,1929,G. Ott Romney,5-3,5,3,0,Rocky Mountain,4.0,1,10,7,1
10/5,Calif Davis,1929,G. Ott Romney,5-3,5,3,0,Rocky Mountain,4.0,0,0,19,1
10/12,Montana State,1929,G. Ott Romney,5-3,5,3,0,Rocky Mountain,4.0,0,12,13,0
10/18,Utah St,1929,G. Ott Romney,5-3,5,3,0,Rocky Mountain,4.0,1,7,6,1
10/26,Western State,1929,G. Ott Romney,5-3,5,3,0,Rocky Mountain,4.0,1,33,12,0
11/2,Utah,1929,G. Ott Romney,5-3,5,3,0,Rocky Mountain,4.0,0,13,45,1
11/11,Colo St Teachers,1929,G. Ott Romney,5-3,5,3,0,Rocky Mountain,4.0,1,25,13,0
11/23,Wyoming,1929,G. Ott Romney,5-3,5,3,0,Rocky Mountain,4.0,1,40,0,0
9/29,College of Idaho,1928,G. Ott Romney,3-3-1,3,3,1,Rocky Mountain,10.0,1,9,6,0
10/6,UC Davis,1928,G. Ott Romney,3-3-1,3,3,1,Rocky Mountain,10.0,1,7,6,0
10/13,Colo A&M,1928,G. Ott Romney,3-3-1,3,3,1,Rocky Mountain,10.0,0,6,15,1
10/20,Western St,1928,G. Ott Romney,3-3-1,3,3,1,Rocky Mountain,10.0,1,46,0,1
10/27,Utah State,1928,G. Ott Romney,3-3-1,3,3,1,Rocky Mountain,10.0,0,0,10,0
11/3,Montana St,1928,G. Ott Romney,3-3-1,3,3,1,Rocky Mountain,10.0,0,7,19,1
11/17,Utah,1928,G. Ott Romney,3-3-1,3,3,1,Rocky Mountain,10.0,0,0,0,1
10/8,Colo A&M,1927,C.J. Hart,2-4-1,2,4,1,Rocky Mountain,7.0,0,0,29,1
10/15,UC Davis,1927,C.J. Hart,2-4-1,2,4,1,Rocky Mountain,7.0,0,0,0,1
10/22,Col Teachers,1927,C.J. Hart,2-4-1,2,4,1,Rocky Mountain,7.0,0,7,21,0
10/29,Utah State,1927,C.J. Hart,2-4-1,2,4,1,Rocky Mountain,7.0,0,0,22,1
11/5,Western State,1927,C.J. Hart,2-4-1,2,4,1,Rocky Mountain,7.0,1,60,7,0
11/12,Utah,1927,C.J. Hart,2-4-1,2,4,1,Rocky Mountain,7.0,0,0,20,0
11/19,Colorado Mines,1927,C.J. Hart,2-4-1,2,4,1,Rocky Mountain,7.0,1,38,19,0
10/2,UC Davis,1926,C.J. Hart,1-5-1,1,5,1,Rocky Mountain,9.0,0,0,17,0
10/9,Colo Teachers,1926,C.J. Hart,1-5-1,1,5,1,Rocky Mountain,9.0,0,6,12,1
10/15,Utah State,1926,C.J. Hart,1-5-1,1,5,1,Rocky Mountain,9.0,0,0,0,0
10/23,Western State,1926,C.J. Hart,1-5-1,1,5,1,Rocky Mountain,9.0,1,30,0,1
11/6,Montana State,1926,C.J. Hart,1-5-1,1,5,1,Rocky Mountain,9.0,0,0,27,1
11/13,Utah,1926,C.J. Hart,1-5-1,1,5,1,Rocky Mountain,9.0,0,7,40,1
11/20,Colorado A&M,1926,C.J. Hart,1-5-1,1,5,1,Rocky Mountain,9.0,0,6,19,0
10/10,Colo A&M,1925,C.J. Hart,3-3,3,3,0,Rocky Mountain,6.0,0,0,21,1
10/17,Colo Coll,1925,C.J. Hart,3-3,3,3,0,Rocky Mountain,6.0,1,7,6,0
10/24,Utah State,1925,C.J. Hart,3-3,3,3,0,Rocky Mountain,6.0,0,0,14,1
10/31,Utah,1925,C.J. Hart,3-3,3,3,0,Rocky Mountain,6.0,0,0,27,0
11/7,Western State,1925,C.J. Hart,3-3,3,3,0,Rocky Mountain,6.0,1,39,7,0
11/21,Montana State,1925,C.J. Hart,3-3,3,3,0,Rocky Mountain,6.0,1,16,7,0
10/3,Colo College,1924,Alvin Twitchell,2-3-1,2,3,1,Rocky Mountain,,1,3,0,1
10/11,Montana St,1924,Alvin Twitchell,2-3-1,2,3,1,Rocky Mountain,,0,0,13,1
10/25,Utah,1924,Alvin Twitchell,2-3-1,2,3,1,Rocky Mountain,,0,0,35,1
11/7,Utah St,1924,Alvin Twitchell,2-3-1,2,3,1,Rocky Mountain,,0,0,14,0
11/11,Western St,1924,Alvin Twitchell,2-3-1,2,3,1,Rocky Mountain,,1,26,13,1
11/15,Colo Mines,1924,Alvin Twitchell,2-3-1,2,3,1,Rocky Mountain,,0,0,0,1
9/29,Montana State,1923,Alvin Twitchell,2-5,2,5,0,Rocky Mountain,7.0,1,16,15,0
10/13,Colo A&M,1923,Alvin Twitchell,2-5,2,5,0,Rocky Mountain,7.0,0,6,14,1
10/20,Colorado,1923,Alvin Twitchell,2-5,2,5,0,Rocky Mountain,7.0,0,0,41,1
10/27,Utah,1923,Alvin Twitchell,2-5,2,5,0,Rocky Mountain,7.0,0,0,15,0
11/3,Western State,1923,Alvin Twitchell,2-5,2,5,0,Rocky Mountain,7.0,1,19,0,0
11/12,Utah State,1923,Alvin Twitchell,2-5,2,5,0,Rocky Mountain,7.0,0,0,40,1
11/29,Colo College,1923,Alvin Twitchell,2-5,2,5,0,Rocky Mountain,7.0,0,6,31,1
10/7,Utah State,1922,Alvin Twitchell,1-5,1,5,0,Rocky Mountain,8.0,0,3,41,0
10/14,Utah,1922,Alvin Twitchell,1-5,1,5,0,Rocky Mountain,8.0,0,0,49,1
10/24,Colo Mines,1922,Alvin Twitchell,1-5,1,5,0,Rocky Mountain,8.0,0,0,47,0
11/14,Wyoming,1922,Alvin Twitchell,1-5,1,5,0,Rocky Mountain,8.0,1,7,0,0
11/25,Colo A&M,1922,Alvin Twitchell,1-5,1,5,0,Rocky Mountain,8.0,0,0,33,1
11/30,Wyoming,1922,Alvin Twitchell,1-5,1,5,0,Rocky Mountain,8.0,0,0,13,1
